numeric_grade,state,start_date,end_date,sample_size,party,answer,pct
2.7,Arizona,10/30/2024,10/31/2024,1005,DEM,Harris,45.9
2.7,Arizona,10/30/2024,10/31/2024,1005,DEM,Harris,46.8
2.7,Georgia,10/30/2024,10/31/2024,1212,DEM,Harris,47.2
2.7,Georgia,10/30/2024,10/31/2024,1212,DEM,Harris,47.8
2.7,Michigan,10/30/2024,10/31/2024,1136,DEM,Harris,48.3
2.7,Michigan,10/30/2024,10/31/2024,1136,DEM,Harris,48.7
2.7,Nevada,10/30/2024,10/31/2024,845,DEM,Harris,46.9
2.7,Nevada,10/30/2024,10/31/2024,845,DEM,Harris,47
2.7,North Carolina,10/30/2024,10/31/2024,1373,DEM,Harris,46.7
2.7,North Carolina,10/30/2024,10/31/2024,1373,DEM,Harris,47
2.7,Pennsylvania,10/30/2024,10/31/2024,1738,DEM,Harris,47.4
2.7,Pennsylvania,10/30/2024,10/31/2024,1738,DEM,Harris,47.9
2.7,Wisconsin,10/30/2024,10/31/2024,673,DEM,Harris,48.2
2.7,Wisconsin,10/30/2024,10/31/2024,673,DEM,Harris,49
2.7,Arizona,10/30/2024,10/31/2024,1005,REP,Trump,50.8
2.7,Arizona,10/30/2024,10/31/2024,1005,REP,Trump,51
2.7,Georgia,10/30/2024,10/31/2024,1212,REP,Trump,48.8
2.7,Georgia,10/30/2024,10/31/2024,1212,REP,Trump,50.1
2.7,Michigan,10/30/2024,10/31/2024,1136,REP,Trump,49.2
2.7,Michigan,10/30/2024,10/31/2024,1136,REP,Trump,49.3
2.7,Nevada,10/30/2024,10/31/2024,845,REP,Trump,50.5
2.7,Nevada,10/30/2024,10/31/2024,845,REP,Trump,50.6
2.7,North Carolina,10/30/2024,10/31/2024,1373,REP,Trump,50.7
2.7,North Carolina,10/30/2024,10/31/2024,1373,REP,Trump,50.7
2.7,Pennsylvania,10/30/2024,10/31/2024,1738,REP,Trump,48.5
2.7,Pennsylvania,10/30/2024,10/31/2024,1738,REP,Trump,49.4
2.7,Wisconsin,10/30/2024,10/31/2024,673,REP,Trump,48.5
2.7,Wisconsin,10/30/2024,10/31/2024,673,REP,Trump,48.8
2.4,Arizona,10/28/2024,10/30/2024,775,DEM,Harris,47
1.5,Colorado,10/28/2024,10/30/2024,600,DEM,Harris,53
2.7,Michigan,10/27/2024,10/30/2024,600,DEM,Harris,47
2.7,Michigan,10/27/2024,10/30/2024,600,DEM,Harris,48
2.7,Pennsylvania,10/27/2024,10/30/2024,600,DEM,Harris,46
2.7,Pennsylvania,10/27/2024,10/30/2024,600,DEM,Harris,46
2.7,Wisconsin,10/27/2024,10/30/2024,600,DEM,Harris,48
2.7,Wisconsin,10/27/2024,10/30/2024,600,DEM,Harris,49
1.8,Wisconsin,10/28/2024,10/30/2024,1038,DEM,Harris,48
1.8,Wisconsin,10/28/2024,10/30/2024,831,DEM,Harris,48
1.8,Wisconsin,10/28/2024,10/30/2024,1038,DEM,Harris,46
1.8,Wisconsin,10/28/2024,10/30/2024,831,DEM,Harris,48
2.4,Arizona,10/28/2024,10/30/2024,775,REP,Trump,48
1.5,Colorado,10/28/2024,10/30/2024,600,REP,Trump,41
2.7,Michigan,10/27/2024,10/30/2024,600,REP,Trump,47
2.7,Michigan,10/27/2024,10/30/2024,600,REP,Trump,48
2.7,Pennsylvania,10/27/2024,10/30/2024,600,REP,Trump,51
2.7,Pennsylvania,10/27/2024,10/30/2024,600,REP,Trump,52
2.7,Wisconsin,10/27/2024,10/30/2024,600,REP,Trump,48
2.7,Wisconsin,10/27/2024,10/30/2024,600,REP,Trump,49
1.8,Wisconsin,10/28/2024,10/30/2024,1038,REP,Trump,46
1.8,Wisconsin,10/28/2024,10/30/2024,831,REP,Trump,48
1.8,Wisconsin,10/28/2024,10/30/2024,1038,REP,Trump,44
1.8,Wisconsin,10/28/2024,10/30/2024,831,REP,Trump,47
2.7,Arizona,10/25/2024,10/29/2024,1458,DEM,Harris,46.4
2.7,Arizona,10/25/2024,10/29/2024,1458,DEM,Harris,47.3
2.7,Georgia,10/25/2024,10/29/2024,1429,DEM,Harris,47.1
2.7,Georgia,10/25/2024,10/29/2024,1429,DEM,Harris,47.5
2.7,Michigan,10/25/2024,10/29/2024,983,DEM,Harris,47.9
2.7,Michigan,10/25/2024,10/29/2024,983,DEM,Harris,48.1
2.7,Nevada,10/25/2024,10/29/2024,1083,DEM,Harris,47.5
2.7,Nevada,10/25/2024,10/29/2024,1083,DEM,Harris,47.6
2.4,New Hampshire,10/28/2024,10/29/2024,2791,DEM,Harris,51
2.7,North Carolina,10/25/2024,10/29/2024,1665,DEM,Harris,48.5
2.7,North Carolina,10/25/2024,10/29/2024,1665,DEM,Harris,48.9
2.7,Pennsylvania,10/25/2024,10/29/2024,1299,DEM,Harris,46.6
2.7,Pennsylvania,10/25/2024,10/29/2024,1299,DEM,Harris,46.9
2.7,Wisconsin,10/25/2024,10/29/2024,1470,DEM,Harris,48.1
2.7,Wisconsin,10/25/2024,10/29/2024,1470,DEM,Harris,48.5
2.7,Arizona,10/25/2024,10/29/2024,1458,REP,Trump,50.6
2.7,Arizona,10/25/2024,10/29/2024,1458,REP,Trump,50.8
2.7,Georgia,10/25/2024,10/29/2024,1429,REP,Trump,50.2
2.7,Georgia,10/25/2024,10/29/2024,1429,REP,Trump,50.9
2.7,Michigan,10/25/2024,10/29/2024,983,REP,Trump,49.2
2.7,Michigan,10/25/2024,10/29/2024,983,REP,Trump,49.3
2.7,Nevada,10/25/2024,10/29/2024,1083,REP,Trump,48.4
2.7,Nevada,10/25/2024,10/29/2024,1083,REP,Trump,48.5
2.4,New Hampshire,10/28/2024,10/29/2024,2791,REP,Trump,46
2.7,North Carolina,10/25/2024,10/29/2024,1665,REP,Trump,48.4
2.7,North Carolina,10/25/2024,10/29/2024,1665,REP,Trump,48.4
2.7,Pennsylvania,10/25/2024,10/29/2024,1299,REP,Trump,48.7
2.7,Pennsylvania,10/25/2024,10/29/2024,1299,REP,Trump,49.6
2.7,Wisconsin,10/25/2024,10/29/2024,1470,REP,Trump,48.7
2.7,Wisconsin,10/25/2024,10/29/2024,1470,REP,Trump,49
2.9,Arizona,10/26/2024,10/28/2024,550,DEM,Harris,41.9
2.1,Florida,10/26/2024,10/28/2024,600,DEM,Harris,43.1
2.8,Georgia,10/23/2024,10/28/2024,732,DEM,Harris,47
3,Michigan,10/24/2024,10/28/2024,1003,DEM,Harris,47
3,Michigan,10/24/2024,10/28/2024,1003,DEM,Harris,45
2.8,Michigan,10/24/2024,10/28/2024,988,DEM,Harris,48
2.8,Michigan,10/24/2024,10/28/2024,1275,DEM,Harris,49
2.8,Michigan,10/24/2024,10/28/2024,988,DEM,Harris,49
2.8,Michigan,10/24/2024,10/28/2024,1275,DEM,Harris,50
2.8,Michigan,10/23/2024,10/28/2024,726,DEM,Harris,48
2.8,Minnesota,10/24/2024,10/28/2024,728,DEM,Harris,51
3,Nebraska,10/21/2024,10/28/2024,1206,DEM,Harris,40
3,Nebraska CD-1,10/21/2024,10/28/2024,408,DEM,Harris,43
3,Nebraska CD-2,10/21/2024,10/28/2024,393,DEM,Harris,52
3,Nebraska CD-3,10/21/2024,10/28/2024,404,DEM,Harris,25
2.8,North Carolina,10/24/2024,10/28/2024,872,DEM,Harris,47
2.8,North Carolina,10/24/2024,10/28/2024,1113,DEM,Harris,48
2.8,North Carolina,10/24/2024,10/28/2024,872,DEM,Harris,49
2.8,North Carolina,10/24/2024,10/28/2024,1113,DEM,Harris,50
2.8,North Carolina,10/23/2024,10/28/2024,750,DEM,Harris,48
3,Pennsylvania,10/22/2024,10/28/2024,1273,DEM,Harris,49
2.9,Pennsylvania,10/24/2024,10/28/2024,824,DEM,Harris,46
2.8,Pennsylvania,10/24/2024,10/28/2024,2186,DEM,Harris,46
2.8,Pennsylvania,10/24/2024,10/28/2024,2186,DEM,Harris,47
2.8,Pennsylvania,10/24/2024,10/28/2024,1310,DEM,Harris,48
2.8,Pennsylvania,10/24/2024,10/28/2024,1057,DEM,Harris,48
2.8,Pennsylvania,10/24/2024,10/28/2024,1310,DEM,Harris,50
2.8,Pennsylvania,10/24/2024,10/28/2024,1057,DEM,Harris,49
2.8,Pennsylvania,10/23/2024,10/28/2024,819,DEM,Harris,48
2.1,Texas,10/26/2024,10/28/2024,600,DEM,Harris,43
2.4,Utah,10/25/2024,10/28/2024,695,DEM,Harris,34
2.8,Wisconsin,10/23/2024,10/28/2024,736,DEM,Harris,51
2.9,Arizona,10/26/2024,10/28/2024,550,REP,Trump,49.7
2.1,Florida,10/26/2024,10/28/2024,600,REP,Trump,48.2
2.8,Georgia,10/23/2024,10/28/2024,732,REP,Trump,48
3,Michigan,10/24/2024,10/28/2024,1003,REP,Trump,46
3,Michigan,10/24/2024,10/28/2024,1003,REP,Trump,47
2.8,Michigan,10/24/2024,10/28/2024,988,REP,Trump,46
2.8,Michigan,10/24/2024,10/28/2024,1275,REP,Trump,45
2.8,Michigan,10/24/2024,10/28/2024,988,REP,Trump,49
2.8,Michigan,10/24/2024,10/28/2024,1275,REP,Trump,48
2.8,Michigan,10/23/2024,10/28/2024,726,REP,Trump,43
2.8,Minnesota,10/24/2024,10/28/2024,728,REP,Trump,43
3,Nebraska,10/21/2024,10/28/2024,1206,REP,Trump,55
3,Nebraska CD-1,10/21/2024,10/28/2024,408,REP,Trump,51
3,Nebraska CD-2,10/21/2024,10/28/2024,393,REP,Trump,44
3,Nebraska CD-3,10/21/2024,10/28/2024,404,REP,Trump,70
2.8,North Carolina,10/24/2024,10/28/2024,872,REP,Trump,49
2.8,North Carolina,10/24/2024,10/28/2024,1113,REP,Trump,47
2.8,North Carolina,10/24/2024,10/28/2024,872,REP,Trump,50
2.8,North Carolina,10/24/2024,10/28/2024,1113,REP,Trump,49
2.8,North Carolina,10/23/2024,10/28/2024,750,REP,Trump,47
3,Pennsylvania,10/22/2024,10/28/2024,1273,REP,Trump,49
2.9,Pennsylvania,10/24/2024,10/28/2024,824,REP,Trump,47
2.8,Pennsylvania,10/24/2024,10/28/2024,2186,REP,Trump,47
2.8,Pennsylvania,10/24/2024,10/28/2024,2186,REP,Trump,49
2.8,Pennsylvania,10/24/2024,10/28/2024,1310,REP,Trump,46
2.8,Pennsylvania,10/24/2024,10/28/2024,1057,REP,Trump,48
2.8,Pennsylvania,10/24/2024,10/28/2024,1310,REP,Trump,48
2.8,Pennsylvania,10/24/2024,10/28/2024,1057,REP,Trump,50
2.8,Pennsylvania,10/23/2024,10/28/2024,819,REP,Trump,48
2.1,Texas,10/26/2024,10/28/2024,600,REP,Trump,51
2.4,Utah,10/25/2024,10/28/2024,695,REP,Trump,54
2.8,Wisconsin,10/23/2024,10/28/2024,736,REP,Trump,45
1.8,Arizona,10/25/2024,10/27/2024,901,DEM,Harris,47
1.8,Georgia,10/25/2024,10/27/2024,1112,DEM,Harris,47
2.9,Michigan,10/25/2024,10/27/2024,1000,DEM,Harris,49.3
2.9,Michigan,10/24/2024,10/27/2024,500,DEM,Harris,47
2.3,Michigan,10/23/2024,10/27/2024,400,DEM,Harris,51.7
2,Michigan,10/26/2024,10/27/2024,800,DEM,Harris,47.9
1.8,Michigan,10/25/2024,10/27/2024,728,DEM,Harris,49
1.8,Nevada,10/25/2024,10/27/2024,531,DEM,Harris,47
2.1,New York,10/26/2024,10/27/2024,600,DEM,Harris,56.8
1.8,North Carolina,10/25/2024,10/27/2024,770,DEM,Harris,46
2,Pennsylvania,10/26/2024,10/27/2024,800,DEM,Harris,47.4
1.8,Pennsylvania,10/25/2024,10/27/2024,1116,DEM,Harris,48
2,Wisconsin,10/26/2024,10/27/2024,800,DEM,Harris,48
1.8,Wisconsin,10/25/2024,10/27/2024,746,DEM,Harris,49
1.8,Arizona,10/25/2024,10/27/2024,901,REP,Trump,49
1.8,Georgia,10/25/2024,10/27/2024,1112,REP,Trump,48
2.9,Michigan,10/25/2024,10/27/2024,1000,REP,Trump,49.8
2.9,Michigan,10/24/2024,10/27/2024,500,REP,Trump,47.4
2.3,Michigan,10/23/2024,10/27/2024,400,REP,Trump,46.6
2,Michigan,10/26/2024,10/27/2024,800,REP,Trump,48.5
1.8,Michigan,10/25/2024,10/27/2024,728,REP,Trump,48
1.8,Nevada,10/25/2024,10/27/2024,531,REP,Trump,47
2.1,New York,10/26/2024,10/27/2024,600,REP,Trump,39
1.8,North Carolina,10/25/2024,10/27/2024,770,REP,Trump,48
2,Pennsylvania,10/26/2024,10/27/2024,800,REP,Trump,48.4
1.8,Pennsylvania,10/25/2024,10/27/2024,1116,REP,Trump,48
2,Wisconsin,10/26/2024,10/27/2024,800,REP,Trump,49
1.8,Wisconsin,10/25/2024,10/27/2024,746,REP,Trump,47
2.8,Arizona,10/21/2024,10/26/2024,781,DEM,Harris,48
2.9,Massachusetts,10/24/2024,10/26/2024,1000,DEM,Harris,60.2
3,Nebraska,10/23/2024,10/26/2024,1194,DEM,Harris,40
3,Nebraska,10/23/2024,10/26/2024,1194,DEM,Harris,38
3,Nebraska,10/23/2024,10/26/2024,1194,DEM,Harris,40
3,Nebraska,10/23/2024,10/26/2024,1194,DEM,Harris,39
3,Nebraska CD-2,10/23/2024,10/26/2024,500,DEM,Harris,54
3,Nebraska CD-2,10/23/2024,10/26/2024,500,DEM,Harris,53
2.8,Nevada,10/21/2024,10/26/2024,683,DEM,Harris,47
2,New Hampshire,10/24/2024,10/26/2024,622,DEM,Harris,49.8
2.8,North Carolina,10/23/2024,10/26/2024,853,DEM,Harris,47
3,Texas,10/23/2024,10/26/2024,1180,DEM,Harris,41
3,Texas,10/23/2024,10/26/2024,1180,DEM,Harris,40
3,Texas,10/23/2024,10/26/2024,1180,DEM,Harris,42
3,Texas,10/23/2024,10/26/2024,1180,DEM,Harris,40
2.8,Arizona,10/21/2024,10/26/2024,781,REP,Trump,47
2.9,Massachusetts,10/24/2024,10/26/2024,1000,REP,Trump,37.2
3,Nebraska,10/23/2024,10/26/2024,1194,REP,Trump,55
3,Nebraska,10/23/2024,10/26/2024,1194,REP,Trump,53
3,Nebraska,10/23/2024,10/26/2024,1194,REP,Trump,55
3,Nebraska,10/23/2024,10/26/2024,1194,REP,Trump,53
3,Nebraska CD-2,10/23/2024,10/26/2024,500,REP,Trump,42
3,Nebraska CD-2,10/23/2024,10/26/2024,500,REP,Trump,41
2.8,Nevada,10/21/2024,10/26/2024,683,REP,Trump,48
2,New Hampshire,10/24/2024,10/26/2024,622,REP,Trump,50.2
2.8,North Carolina,10/23/2024,10/26/2024,853,REP,Trump,47
3,Texas,10/23/2024,10/26/2024,1180,REP,Trump,52
3,Texas,10/23/2024,10/26/2024,1180,REP,Trump,50
3,Texas,10/23/2024,10/26/2024,1180,REP,Trump,52
3,Texas,10/23/2024,10/26/2024,1180,REP,Trump,51
3,Arizona,10/1/2024,10/25/2024,2077,DEM,Harris,49
3,Arizona,10/1/2024,10/25/2024,2066,DEM,Harris,47
3,Florida,10/1/2024,10/25/2024,5952,DEM,Harris,47
3,Florida,10/1/2024,10/25/2024,5916,DEM,Harris,46
2.4,Florida,10/23/2024,10/25/2024,1227,DEM,Harris,44.6
3,Georgia,10/1/2024,10/25/2024,2682,DEM,Harris,48
3,Georgia,10/1/2024,10/25/2024,2663,DEM,Harris,46
3,Michigan,10/1/2024,10/25/2024,2347,DEM,Harris,52
3,Michigan,10/1/2024,10/25/2024,2336,DEM,Harris,51
3,Minnesota,10/1/2024,10/25/2024,1278,DEM,Harris,52
3,Minnesota,10/1/2024,10/25/2024,1275,DEM,Harris,53
2.9,Montana,10/23/2024,10/25/2024,1000,DEM,Harris,39.6
3,Nevada,10/1/2024,10/25/2024,940,DEM,Harris,53
3,Nevada,10/1/2024,10/25/2024,933,DEM,Harris,51
3,New Hampshire,10/1/2024,10/25/2024,380,DEM,Harris,52
3,New Hampshire,10/1/2024,10/25/2024,375,DEM,Harris,52
3,North Carolina,10/1/2024,10/25/2024,2330,DEM,Harris,49
3,North Carolina,10/1/2024,10/25/2024,2308,DEM,Harris,48
3,Ohio,10/1/2024,10/25/2024,3120,DEM,Harris,45
3,Ohio,10/1/2024,10/25/2024,3091,DEM,Harris,45
3,Pennsylvania,10/1/2024,10/25/2024,3708,DEM,Harris,50
3,Pennsylvania,10/1/2024,10/25/2024,3685,DEM,Harris,49
3,Texas,10/1/2024,10/25/2024,6526,DEM,Harris,47
3,Texas,10/1/2024,10/25/2024,6473,DEM,Harris,47
3,Virginia,10/1/2024,10/25/2024,2027,DEM,Harris,53
3,Virginia,10/1/2024,10/25/2024,2015,DEM,Harris,52
3,Wisconsin,10/1/2024,10/25/2024,1552,DEM,Harris,51
3,Wisconsin,10/1/2024,10/25/2024,1542,DEM,Harris,50
3,Arizona,10/1/2024,10/25/2024,2077,REP,Trump,49
3,Arizona,10/1/2024,10/25/2024,2066,REP,Trump,51
3,Florida,10/1/2024,10/25/2024,5952,REP,Trump,51
3,Florida,10/1/2024,10/25/2024,5916,REP,Trump,52
2.4,Florida,10/23/2024,10/25/2024,1227,REP,Trump,50.3
3,Georgia,10/1/2024,10/25/2024,2682,REP,Trump,49
3,Georgia,10/1/2024,10/25/2024,2663,REP,Trump,51
3,Michigan,10/1/2024,10/25/2024,2347,REP,Trump,45
3,Michigan,10/1/2024,10/25/2024,2336,REP,Trump,46
3,Minnesota,10/1/2024,10/25/2024,1278,REP,Trump,44
3,Minnesota,10/1/2024,10/25/2024,1275,REP,Trump,43
2.9,Montana,10/23/2024,10/25/2024,1000,REP,Trump,58.6
3,Nevada,10/1/2024,10/25/2024,940,REP,Trump,44
3,Nevada,10/1/2024,10/25/2024,933,REP,Trump,47
3,New Hampshire,10/1/2024,10/25/2024,380,REP,Trump,45
3,New Hampshire,10/1/2024,10/25/2024,375,REP,Trump,45
3,North Carolina,10/1/2024,10/25/2024,2330,REP,Trump,48
3,North Carolina,10/1/2024,10/25/2024,2308,REP,Trump,50
3,Ohio,10/1/2024,10/25/2024,3120,REP,Trump,52
3,Ohio,10/1/2024,10/25/2024,3091,REP,Trump,52
3,Pennsylvania,10/1/2024,10/25/2024,3708,REP,Trump,47
3,Pennsylvania,10/1/2024,10/25/2024,3685,REP,Trump,48
3,Texas,10/1/2024,10/25/2024,6526,REP,Trump,51
3,Texas,10/1/2024,10/25/2024,6473,REP,Trump,51
3,Virginia,10/1/2024,10/25/2024,2027,REP,Trump,44
3,Virginia,10/1/2024,10/25/2024,2015,REP,Trump,44
3,Wisconsin,10/1/2024,10/25/2024,1552,REP,Trump,46
3,Wisconsin,10/1/2024,10/25/2024,1542,REP,Trump,47
2.9,Michigan,10/16/2024,10/24/2024,600,DEM,Harris,49
1.5,Michigan,10/22/2024,10/24/2024,600,DEM,Harris,46.7
2.1,New Jersey,10/23/2024,10/24/2024,600,DEM,Harris,51.8
2.1,New Jersey,10/23/2024,10/24/2024,600,DEM,Harris,51.8
3,Wisconsin,10/16/2024,10/24/2024,753,DEM,Harris,50
3,Wisconsin,10/16/2024,10/24/2024,753,DEM,Harris,46
3,Wisconsin,10/16/2024,10/24/2024,834,DEM,Harris,51
3,Wisconsin,10/16/2024,10/24/2024,834,DEM,Harris,46
2.9,Michigan,10/16/2024,10/24/2024,600,REP,Trump,45
1.5,Michigan,10/22/2024,10/24/2024,600,REP,Trump,43.7
2.1,New Jersey,10/23/2024,10/24/2024,600,REP,Trump,40.3
2.1,New Jersey,10/23/2024,10/24/2024,600,REP,Trump,40.3
3,Wisconsin,10/16/2024,10/24/2024,753,REP,Trump,49
3,Wisconsin,10/16/2024,10/24/2024,753,REP,Trump,44
3,Wisconsin,10/16/2024,10/24/2024,834,REP,Trump,49
3,Wisconsin,10/16/2024,10/24/2024,834,REP,Trump,43
2.9,New Hampshire,10/21/2024,10/23/2024,915,DEM,Harris,50.9
2.9,New Hampshire,10/10/2024,10/23/2024,600,DEM,Harris,50
2.9,North Carolina,10/16/2024,10/23/2024,650,DEM,Harris,45
2.9,Pennsylvania,10/16/2024,10/23/2024,800,DEM,Harris,48
2.7,Virginia,10/19/2024,10/23/2024,1004,DEM,Harris,49
2.7,Virginia,10/19/2024,10/23/2024,1004,DEM,Harris,48
2.9,Wisconsin,10/20/2024,10/23/2024,500,DEM,Harris,46.6
2.9,New Hampshire,10/21/2024,10/23/2024,915,REP,Trump,47.2
2.9,New Hampshire,10/10/2024,10/23/2024,600,REP,Trump,43
2.9,North Carolina,10/16/2024,10/23/2024,650,REP,Trump,47
2.9,Pennsylvania,10/16/2024,10/23/2024,800,REP,Trump,47
2.7,Virginia,10/19/2024,10/23/2024,1004,REP,Trump,43
2.7,Virginia,10/19/2024,10/23/2024,1004,REP,Trump,42
2.9,Wisconsin,10/20/2024,10/23/2024,500,REP,Trump,48
1.9,Alaska,10/20/2024,10/22/2024,1703,DEM,Harris,43
1.9,Alaska,10/20/2024,10/22/2024,1703,DEM,Harris,45
2.9,Arizona,10/17/2024,10/22/2024,1329,DEM,Harris,49
2.9,Arizona,10/17/2024,10/22/2024,1193,DEM,Harris,49
1.8,Arizona,10/20/2024,10/22/2024,710,DEM,Harris,46
2.9,Georgia,10/17/2024,10/22/2024,1356,DEM,Harris,49
2.9,Georgia,10/17/2024,10/22/2024,1193,DEM,Harris,49
1.8,Georgia,10/20/2024,10/22/2024,1168,DEM,Harris,47
2.5,Maryland,10/17/2024,10/22/2024,1000,DEM,Harris,61
1.8,Michigan,10/20/2024,10/22/2024,1115,DEM,Harris,47
1.8,Nevada,10/20/2024,10/22/2024,540,DEM,Harris,46
2.3,New Jersey,10/15/2024,10/22/2024,451,DEM,Harris,55
2.3,New Jersey,10/15/2024,10/22/2024,478,DEM,Harris,51
2.9,North Carolina,10/21/2024,10/22/2024,950,DEM,Harris,48.2
2.9,North Carolina,10/17/2024,10/22/2024,1410,DEM,Harris,48
2.9,North Carolina,10/17/2024,10/22/2024,1226,DEM,Harris,48
1.8,North Carolina,10/20/2024,10/22/2024,679,DEM,Harris,47
2.9,Pennsylvania,10/21/2024,10/22/2024,860,DEM,Harris,49
2.3,Pennsylvania,10/18/2024,10/22/2024,500,DEM,Harris,46
1.8,Pennsylvania,10/20/2024,10/22/2024,1586,DEM,Harris,48
2.6,South Carolina,10/18/2024,10/22/2024,950,DEM,Harris,42
2.9,South Dakota,10/19/2024,10/22/2024,825,DEM,Harris,36.5
2.9,Wisconsin,10/21/2024,10/22/2024,800,DEM,Harris,49.2
1.8,Wisconsin,10/20/2024,10/22/2024,557,DEM,Harris,49
1.9,Alaska,10/20/2024,10/22/2024,1703,REP,Trump,51
1.9,Alaska,10/20/2024,10/22/2024,1703,REP,Trump,55
2.9,Arizona,10/17/2024,10/22/2024,1329,REP,Trump,49
2.9,Arizona,10/17/2024,10/22/2024,1193,REP,Trump,50
1.8,Arizona,10/20/2024,10/22/2024,710,REP,Trump,48
2.9,Georgia,10/17/2024,10/22/2024,1356,REP,Trump,48
2.9,Georgia,10/17/2024,10/22/2024,1193,REP,Trump,49
1.8,Georgia,10/20/2024,10/22/2024,1168,REP,Trump,48
2.5,Maryland,10/17/2024,10/22/2024,1000,REP,Trump,33
1.8,Michigan,10/20/2024,10/22/2024,1115,REP,Trump,47
1.8,Nevada,10/20/2024,10/22/2024,540,REP,Trump,47
2.3,New Jersey,10/15/2024,10/22/2024,451,REP,Trump,35
2.3,New Jersey,10/15/2024,10/22/2024,478,REP,Trump,37
2.9,North Carolina,10/21/2024,10/22/2024,950,REP,Trump,50.2
2.9,North Carolina,10/17/2024,10/22/2024,1410,REP,Trump,49
2.9,North Carolina,10/17/2024,10/22/2024,1226,REP,Trump,50
1.8,North Carolina,10/20/2024,10/22/2024,679,REP,Trump,48
2.9,Pennsylvania,10/21/2024,10/22/2024,860,REP,Trump,50.7
2.3,Pennsylvania,10/18/2024,10/22/2024,500,REP,Trump,45.8
1.8,Pennsylvania,10/20/2024,10/22/2024,1586,REP,Trump,47
2.6,South Carolina,10/18/2024,10/22/2024,950,REP,Trump,55.1
2.9,South Dakota,10/19/2024,10/22/2024,825,REP,Trump,62
2.9,Wisconsin,10/21/2024,10/22/2024,800,REP,Trump,49.9
1.8,Wisconsin,10/20/2024,10/22/2024,557,REP,Trump,47
2.9,Maryland,10/19/2024,10/21/2024,865,DEM,Harris,64
2.8,Michigan,10/17/2024,10/21/2024,1136,DEM,Harris,49
2.8,Michigan,10/17/2024,10/21/2024,1136,DEM,Harris,50
2.9,Texas,10/18/2024,10/21/2024,815,DEM,Harris,45.9
1.8,Texas,10/14/2024,10/21/2024,956,DEM,Harris,46
2.8,Wisconsin,10/17/2024,10/21/2024,1108,DEM,Harris,48
2.8,Wisconsin,10/17/2024,10/21/2024,1108,DEM,Harris,48
2.9,Maryland,10/19/2024,10/21/2024,865,REP,Trump,34.4
2.8,Michigan,10/17/2024,10/21/2024,1136,REP,Trump,46
2.8,Michigan,10/17/2024,10/21/2024,1136,REP,Trump,46
2.9,Texas,10/18/2024,10/21/2024,815,REP,Trump,53.1
1.8,Texas,10/14/2024,10/21/2024,956,REP,Trump,51
2.8,Wisconsin,10/17/2024,10/21/2024,1108,REP,Trump,48
2.8,Wisconsin,10/17/2024,10/21/2024,1108,REP,Trump,48
2,Arizona,10/19/2024,10/20/2024,800,DEM,Harris,47
1.9,Arizona,10/16/2024,10/20/2024,915,DEM,Harris,48
1.9,Arizona,10/16/2024,10/20/2024,915,DEM,Harris,49
1.9,Arizona,10/16/2024,10/20/2024,861,DEM,Harris,48
1.9,Arizona,10/16/2024,10/20/2024,861,DEM,Harris,49
1.8,Arizona,10/19/2024,10/20/2024,400,DEM,Harris,46.2
2.9,Florida,10/18/2024,10/20/2024,860,DEM,Harris,45.9
1.9,Georgia,10/16/2024,10/20/2024,914,DEM,Harris,48
1.9,Georgia,10/16/2024,10/20/2024,914,DEM,Harris,48
1.9,Georgia,10/16/2024,10/20/2024,855,DEM,Harris,48
1.9,Georgia,10/16/2024,10/20/2024,855,DEM,Harris,48
1.9,Michigan,10/16/2024,10/20/2024,756,DEM,Harris,47
1.9,Michigan,10/16/2024,10/20/2024,756,DEM,Harris,48
1.9,Michigan,10/16/2024,10/20/2024,705,DEM,Harris,49
1.9,Michigan,10/16/2024,10/20/2024,705,DEM,Harris,50
2,Nevada,10/19/2024,10/20/2024,800,DEM,Harris,47.7
1.9,Nevada,10/16/2024,10/20/2024,449,DEM,Harris,48
1.9,Nevada,10/16/2024,10/20/2024,449,DEM,Harris,49
1.9,Nevada,10/16/2024,10/20/2024,420,DEM,Harris,48
1.9,Nevada,10/16/2024,10/20/2024,420,DEM,Harris,49
2.8,North Carolina,10/17/2024,10/20/2024,1164,DEM,Harris,47
2,North Carolina,10/19/2024,10/20/2024,800,DEM,Harris,46.8
1.9,North Carolina,10/16/2024,10/20/2024,755,DEM,Harris,46
1.9,North Carolina,10/16/2024,10/20/2024,755,DEM,Harris,47
1.9,North Carolina,10/16/2024,10/20/2024,702,DEM,Harris,48
1.9,North Carolina,10/16/2024,10/20/2024,702,DEM,Harris,48
2.4,Pennsylvania,10/9/2024,10/20/2024,794,DEM,Harris,49
2.4,Pennsylvania,10/9/2024,10/20/2024,583,DEM,Harris,49
2.4,Pennsylvania,10/9/2024,10/20/2024,794,DEM,Harris,48
1.9,Pennsylvania,10/16/2024,10/20/2024,866,DEM,Harris,48
1.9,Pennsylvania,10/16/2024,10/20/2024,866,DEM,Harris,48
1.9,Pennsylvania,10/16/2024,10/20/2024,812,DEM,Harris,50
1.9,Pennsylvania,10/16/2024,10/20/2024,812,DEM,Harris,50
1.9,Wisconsin,10/16/2024,10/20/2024,635,DEM,Harris,47
1.9,Wisconsin,10/16/2024,10/20/2024,635,DEM,Harris,48
1.9,Wisconsin,10/16/2024,10/20/2024,624,DEM,Harris,47
1.9,Wisconsin,10/16/2024,10/20/2024,624,DEM,Harris,48
2,Arizona,10/19/2024,10/20/2024,800,REP,Trump,49.5
1.9,Arizona,10/16/2024,10/20/2024,915,REP,Trump,48
1.9,Arizona,10/16/2024,10/20/2024,915,REP,Trump,49
1.9,Arizona,10/16/2024,10/20/2024,861,REP,Trump,48
1.9,Arizona,10/16/2024,10/20/2024,861,REP,Trump,49
1.8,Arizona,10/19/2024,10/20/2024,400,REP,Trump,46.8
2.9,Florida,10/18/2024,10/20/2024,860,REP,Trump,53.6
1.9,Georgia,10/16/2024,10/20/2024,914,REP,Trump,47
1.9,Georgia,10/16/2024,10/20/2024,914,REP,Trump,49
1.9,Georgia,10/16/2024,10/20/2024,855,REP,Trump,49
1.9,Georgia,10/16/2024,10/20/2024,855,REP,Trump,50
1.9,Michigan,10/16/2024,10/20/2024,756,REP,Trump,45
1.9,Michigan,10/16/2024,10/20/2024,756,REP,Trump,46
1.9,Michigan,10/16/2024,10/20/2024,705,REP,Trump,46
1.9,Michigan,10/16/2024,10/20/2024,705,REP,Trump,46
2,Nevada,10/19/2024,10/20/2024,800,REP,Trump,47.9
1.9,Nevada,10/16/2024,10/20/2024,449,REP,Trump,47
1.9,Nevada,10/16/2024,10/20/2024,449,REP,Trump,48
1.9,Nevada,10/16/2024,10/20/2024,420,REP,Trump,48
1.9,Nevada,10/16/2024,10/20/2024,420,REP,Trump,48
2.8,North Carolina,10/17/2024,10/20/2024,1164,REP,Trump,46
2,North Carolina,10/19/2024,10/20/2024,800,REP,Trump,48.7
1.9,North Carolina,10/16/2024,10/20/2024,755,REP,Trump,49
1.9,North Carolina,10/16/2024,10/20/2024,755,REP,Trump,50
1.9,North Carolina,10/16/2024,10/20/2024,702,REP,Trump,49
1.9,North Carolina,10/16/2024,10/20/2024,702,REP,Trump,50
2.4,Pennsylvania,10/9/2024,10/20/2024,794,REP,Trump,45
2.4,Pennsylvania,10/9/2024,10/20/2024,583,REP,Trump,50
2.4,Pennsylvania,10/9/2024,10/20/2024,794,REP,Trump,44
1.9,Pennsylvania,10/16/2024,10/20/2024,866,REP,Trump,48
1.9,Pennsylvania,10/16/2024,10/20/2024,866,REP,Trump,48
1.9,Pennsylvania,10/16/2024,10/20/2024,812,REP,Trump,48
1.9,Pennsylvania,10/16/2024,10/20/2024,812,REP,Trump,48
1.9,Wisconsin,10/16/2024,10/20/2024,635,REP,Trump,47
1.9,Wisconsin,10/16/2024,10/20/2024,635,REP,Trump,48
1.9,Wisconsin,10/16/2024,10/20/2024,624,REP,Trump,47
1.9,Wisconsin,10/16/2024,10/20/2024,624,REP,Trump,48
1.5,Utah,10/15/2024,10/19/2024,813,DEM,Harris,31
1.5,Utah,10/15/2024,10/19/2024,813,REP,Trump,63
1.8,Arizona,10/16/2024,10/18/2024,691,DEM,Harris,46
2.8,Florida,10/7/2024,10/18/2024,977,DEM,Harris,43
1.8,Florida,10/16/2024,10/18/2024,1275,DEM,Harris,45
1.8,Georgia,10/16/2024,10/18/2024,1019,DEM,Harris,47
1.8,Michigan,10/16/2024,10/18/2024,1008,DEM,Harris,47
1.8,Nevada,10/16/2024,10/18/2024,529,DEM,Harris,46
2.1,New Mexico,10/10/2024,10/18/2024,1024,DEM,Harris,50
1.8,North Carolina,10/16/2024,10/18/2024,843,DEM,Harris,45
1.7,Oklahoma,10/16/2024,10/18/2024,502,DEM,Harris,29
1.8,Pennsylvania,10/16/2024,10/18/2024,1256,DEM,Harris,48
1.8,Wisconsin,10/16/2024,10/18/2024,622,DEM,Harris,47
1.8,Arizona,10/16/2024,10/18/2024,691,REP,Trump,49
2.8,Florida,10/7/2024,10/18/2024,977,REP,Trump,53
1.8,Florida,10/16/2024,10/18/2024,1275,REP,Trump,49
1.8,Georgia,10/16/2024,10/18/2024,1019,REP,Trump,48
1.8,Michigan,10/16/2024,10/18/2024,1008,REP,Trump,47
1.8,Nevada,10/16/2024,10/18/2024,529,REP,Trump,47
2.1,New Mexico,10/10/2024,10/18/2024,1024,REP,Trump,41
1.8,North Carolina,10/16/2024,10/18/2024,843,REP,Trump,48
1.7,Oklahoma,10/16/2024,10/18/2024,502,REP,Trump,65
1.8,Pennsylvania,10/16/2024,10/18/2024,1256,REP,Trump,48
1.8,Wisconsin,10/16/2024,10/18/2024,622,REP,Trump,46
2.7,Arizona,10/12/2024,10/17/2024,1440,DEM,Harris,48.6
2.7,Arizona,10/12/2024,10/17/2024,1440,DEM,Harris,49.3
3,California,10/7/2024,10/17/2024,1139,DEM,Harris,63
3,California,10/7/2024,10/17/2024,1139,DEM,Harris,63
3,Florida,10/7/2024,10/17/2024,1094,DEM,Harris,46
3,Florida,10/7/2024,10/17/2024,1076,DEM,Harris,46
2.3,Florida,10/14/2024,10/17/2024,788,DEM,Harris,47
2.7,Georgia,10/12/2024,10/17/2024,1411,DEM,Harris,48.1
2.7,Georgia,10/12/2024,10/17/2024,1411,DEM,Harris,48.4
2.7,Michigan,10/12/2024,10/17/2024,1529,DEM,Harris,46.8
2.7,Michigan,10/12/2024,10/17/2024,1529,DEM,Harris,47.3
2.7,Nevada,10/12/2024,10/17/2024,1171,DEM,Harris,48.1
2.7,Nevada,10/12/2024,10/17/2024,1171,DEM,Harris,48.4
3,New York,10/7/2024,10/17/2024,1089,DEM,Harris,58
3,New York,10/7/2024,10/17/2024,1089,DEM,Harris,58
2.7,New York,10/13/2024,10/17/2024,872,DEM,Harris,54
2.7,New York,10/13/2024,10/17/2024,872,DEM,Harris,58
2.7,North Carolina,10/12/2024,10/17/2024,1674,DEM,Harris,49.5
2.7,North Carolina,10/12/2024,10/17/2024,1674,DEM,Harris,50.5
2.5,North Carolina,10/10/2024,10/17/2024,800,DEM,Harris,46
3,Pennsylvania,10/7/2024,10/17/2024,1062,DEM,Harris,50
3,Pennsylvania,10/7/2024,10/17/2024,1043,DEM,Harris,50
2.7,Pennsylvania,10/12/2024,10/17/2024,2048,DEM,Harris,46.5
2.7,Pennsylvania,10/12/2024,10/17/2024,2048,DEM,Harris,47.4
3,Texas,10/7/2024,10/17/2024,1108,DEM,Harris,45
3,Texas,10/7/2024,10/17/2024,1075,DEM,Harris,46
2.7,Wisconsin,10/12/2024,10/17/2024,932,DEM,Harris,48.9
2.7,Wisconsin,10/12/2024,10/17/2024,932,DEM,Harris,49
2.7,Arizona,10/12/2024,10/17/2024,1440,REP,Trump,49.2
2.7,Arizona,10/12/2024,10/17/2024,1440,REP,Trump,49.2
3,California,10/7/2024,10/17/2024,1139,REP,Trump,34
3,California,10/7/2024,10/17/2024,1139,REP,Trump,34
3,Florida,10/7/2024,10/17/2024,1094,REP,Trump,51
3,Florida,10/7/2024,10/17/2024,1076,REP,Trump,51
2.3,Florida,10/14/2024,10/17/2024,788,REP,Trump,52
2.7,Georgia,10/12/2024,10/17/2024,1411,REP,Trump,49.5
2.7,Georgia,10/12/2024,10/17/2024,1411,REP,Trump,50.1
2.7,Michigan,10/12/2024,10/17/2024,1529,REP,Trump,49.6
2.7,Michigan,10/12/2024,10/17/2024,1529,REP,Trump,50.2
2.7,Nevada,10/12/2024,10/17/2024,1171,REP,Trump,48.4
2.7,Nevada,10/12/2024,10/17/2024,1171,REP,Trump,48.3
3,New York,10/7/2024,10/17/2024,1089,REP,Trump,38
3,New York,10/7/2024,10/17/2024,1089,REP,Trump,38
2.7,New York,10/13/2024,10/17/2024,872,REP,Trump,37
2.7,New York,10/13/2024,10/17/2024,872,REP,Trump,39
2.7,North Carolina,10/12/2024,10/17/2024,1674,REP,Trump,48.8
2.7,North Carolina,10/12/2024,10/17/2024,1674,REP,Trump,48.8
2.5,North Carolina,10/10/2024,10/17/2024,800,REP,Trump,46
3,Pennsylvania,10/7/2024,10/17/2024,1062,REP,Trump,47
3,Pennsylvania,10/7/2024,10/17/2024,1043,REP,Trump,48
2.7,Pennsylvania,10/12/2024,10/17/2024,2048,REP,Trump,49.8
2.7,Pennsylvania,10/12/2024,10/17/2024,2048,REP,Trump,49.9
3,Texas,10/7/2024,10/17/2024,1108,REP,Trump,50
3,Texas,10/7/2024,10/17/2024,1075,REP,Trump,51
2.7,Wisconsin,10/12/2024,10/17/2024,932,REP,Trump,48.2
2.7,Wisconsin,10/12/2024,10/17/2024,932,REP,Trump,48.4
3,Arizona,10/11/2024,10/16/2024,1435,DEM,Harris,48
2.2,Georgia,10/7/2024,10/16/2024,1000,DEM,Harris,43.4
1.8,Georgia,10/14/2024,10/16/2024,1029,DEM,Harris,48.8
1.8,Georgia,10/14/2024,10/16/2024,813,DEM,Harris,48.3
1.8,Georgia,10/14/2024,10/16/2024,1029,DEM,Harris,48.3
1.8,Georgia,10/14/2024,10/16/2024,813,DEM,Harris,49
2.3,Michigan,10/10/2024,10/16/2024,789,DEM,Harris,49
1.5,Montana,9/30/2024,10/16/2024,760,DEM,Harris,34
2.6,South Dakota,10/12/2024,10/16/2024,500,DEM,Harris,33
2.3,Wisconsin,10/10/2024,10/16/2024,787,DEM,Harris,49
3,Arizona,10/11/2024,10/16/2024,1435,REP,Trump,51
2.2,Georgia,10/7/2024,10/16/2024,1000,REP,Trump,47
1.8,Georgia,10/14/2024,10/16/2024,1029,REP,Trump,45.8
1.8,Georgia,10/14/2024,10/16/2024,813,REP,Trump,48.5
1.8,Georgia,10/14/2024,10/16/2024,1029,REP,Trump,44.8
1.8,Georgia,10/14/2024,10/16/2024,813,REP,Trump,48.5
2.3,Michigan,10/10/2024,10/16/2024,789,REP,Trump,49
1.5,Montana,9/30/2024,10/16/2024,760,REP,Trump,52
2.6,South Dakota,10/12/2024,10/16/2024,500,REP,Trump,59
2.3,Wisconsin,10/10/2024,10/16/2024,787,REP,Trump,50
2.7,Arizona,9/30/2024,10/15/2024,580,DEM,Harris,44
2.7,Arizona,9/30/2024,10/15/2024,580,DEM,Harris,46
1.9,Arizona,10/6/2024,10/15/2024,653,DEM,Harris,49
2.5,California,10/7/2024,10/15/2024,1137,DEM,Harris,59
2.7,Georgia,9/30/2024,10/15/2024,730,DEM,Harris,50
2.7,Georgia,9/30/2024,10/15/2024,730,DEM,Harris,51
2,Georgia,10/14/2024,10/15/2024,800,DEM,Harris,47
1.9,Georgia,10/6/2024,10/15/2024,1002,DEM,Harris,48
1.9,Maryland,10/6/2024,10/15/2024,490,DEM,Harris,64
2.7,Michigan,9/30/2024,10/15/2024,687,DEM,Harris,46
2.7,Michigan,9/30/2024,10/15/2024,687,DEM,Harris,49
1.9,Michigan,10/6/2024,10/15/2024,1065,DEM,Harris,49
2.7,Nevada,9/30/2024,10/15/2024,652,DEM,Harris,47
2.7,Nevada,9/30/2024,10/15/2024,652,DEM,Harris,48
1.9,Nevada,10/6/2024,10/15/2024,496,DEM,Harris,49
1.7,Nevada,10/8/2024,10/15/2024,600,DEM,Harris,46
1.7,Nevada,10/8/2024,10/15/2024,600,DEM,Harris,47
2.7,North Carolina,9/30/2024,10/15/2024,965,DEM,Harris,45
2.7,North Carolina,9/30/2024,10/15/2024,965,DEM,Harris,47
1.9,North Carolina,10/6/2024,10/15/2024,1072,DEM,Harris,48
1.9,Ohio,10/6/2024,10/15/2024,1243,DEM,Harris,45
2.7,Pennsylvania,9/30/2024,10/15/2024,707,DEM,Harris,49
2.7,Pennsylvania,9/30/2024,10/15/2024,707,DEM,Harris,49
1.9,Pennsylvania,10/6/2024,10/15/2024,1395,DEM,Harris,49
1.9,Texas,10/6/2024,10/15/2024,2048,DEM,Harris,46
2.7,Wisconsin,9/30/2024,10/15/2024,695,DEM,Harris,50
2.7,Wisconsin,9/30/2024,10/15/2024,695,DEM,Harris,50
1.9,Wisconsin,10/6/2024,10/15/2024,527,DEM,Harris,47
2.7,Arizona,9/30/2024,10/15/2024,580,REP,Trump,50
2.7,Arizona,9/30/2024,10/15/2024,580,REP,Trump,49
1.9,Arizona,10/6/2024,10/15/2024,653,REP,Trump,48
2.5,California,10/7/2024,10/15/2024,1137,REP,Trump,33
2.7,Georgia,9/30/2024,10/15/2024,730,REP,Trump,44
2.7,Georgia,9/30/2024,10/15/2024,730,REP,Trump,47
2,Georgia,10/14/2024,10/15/2024,800,REP,Trump,49
1.9,Georgia,10/6/2024,10/15/2024,1002,REP,Trump,49
1.9,Maryland,10/6/2024,10/15/2024,490,REP,Trump,31
2.7,Michigan,9/30/2024,10/15/2024,687,REP,Trump,47
2.7,Michigan,9/30/2024,10/15/2024,687,REP,Trump,47
1.9,Michigan,10/6/2024,10/15/2024,1065,REP,Trump,47
2.7,Nevada,9/30/2024,10/15/2024,652,REP,Trump,44
2.7,Nevada,9/30/2024,10/15/2024,652,REP,Trump,48
1.9,Nevada,10/6/2024,10/15/2024,496,REP,Trump,45
1.7,Nevada,10/8/2024,10/15/2024,600,REP,Trump,47
1.7,Nevada,10/8/2024,10/15/2024,600,REP,Trump,49
2.7,North Carolina,9/30/2024,10/15/2024,965,REP,Trump,49
2.7,North Carolina,9/30/2024,10/15/2024,965,REP,Trump,50
1.9,North Carolina,10/6/2024,10/15/2024,1072,REP,Trump,49
1.9,Ohio,10/6/2024,10/15/2024,1243,REP,Trump,52
2.7,Pennsylvania,9/30/2024,10/15/2024,707,REP,Trump,46
2.7,Pennsylvania,9/30/2024,10/15/2024,707,REP,Trump,47
1.9,Pennsylvania,10/6/2024,10/15/2024,1395,REP,Trump,48
1.9,Texas,10/6/2024,10/15/2024,2048,REP,Trump,50
2.7,Wisconsin,9/30/2024,10/15/2024,695,REP,Trump,46
2.7,Wisconsin,9/30/2024,10/15/2024,695,REP,Trump,47
1.9,Wisconsin,10/6/2024,10/15/2024,527,REP,Trump,48
1.8,Arizona,10/12/2024,10/14/2024,1141,DEM,Harris,46
2.9,California,10/12/2024,10/14/2024,1000,DEM,Harris,61
1.8,Florida,10/12/2024,10/14/2024,1009,DEM,Harris,44
2.8,Georgia,10/10/2024,10/14/2024,1328,DEM,Harris,45
2.8,Georgia,10/10/2024,10/14/2024,1328,DEM,Harris,46
2.6,Georgia,10/9/2024,10/14/2024,701,DEM,Harris,45.8
1.8,Georgia,10/12/2024,10/14/2024,637,DEM,Harris,47
2.4,Michigan,10/14/2024,10/14/2024,589,DEM,Harris,47
2.4,Michigan,10/14/2024,10/14/2024,589,DEM,Harris,47.4
1.8,Michigan,10/12/2024,10/14/2024,682,DEM,Harris,47
1.8,Minnesota,10/12/2024,10/14/2024,544,DEM,Harris,51
1.8,Nevada,10/12/2024,10/14/2024,838,DEM,Harris,47
1.8,New Mexico,10/12/2024,10/14/2024,382,DEM,Harris,49
2.8,North Carolina,10/10/2024,10/14/2024,1031,DEM,Harris,49
2.8,North Carolina,10/10/2024,10/14/2024,1031,DEM,Harris,50
2.1,North Carolina,10/12/2024,10/14/2024,600,DEM,Harris,46.6
1.8,North Carolina,10/12/2024,10/14/2024,620,DEM,Harris,46
1.8,Pennsylvania,10/12/2024,10/14/2024,1649,DEM,Harris,48
2.8,Washington,10/9/2024,10/14/2024,703,DEM,Harris,57
1.8,Wisconsin,10/12/2024,10/14/2024,641,DEM,Harris,48
1.8,Arizona,10/12/2024,10/14/2024,1141,REP,Trump,48
2.9,California,10/12/2024,10/14/2024,1000,REP,Trump,36.6
1.8,Florida,10/12/2024,10/14/2024,1009,REP,Trump,50
2.8,Georgia,10/10/2024,10/14/2024,1328,REP,Trump,52
2.8,Georgia,10/10/2024,10/14/2024,1328,REP,Trump,52
2.6,Georgia,10/9/2024,10/14/2024,701,REP,Trump,48.9
1.8,Georgia,10/12/2024,10/14/2024,637,REP,Trump,47
2.4,Michigan,10/14/2024,10/14/2024,589,REP,Trump,47
2.4,Michigan,10/14/2024,10/14/2024,589,REP,Trump,48.5
1.8,Michigan,10/12/2024,10/14/2024,682,REP,Trump,47
1.8,Minnesota,10/12/2024,10/14/2024,544,REP,Trump,43
1.8,Nevada,10/12/2024,10/14/2024,838,REP,Trump,47
1.8,New Mexico,10/12/2024,10/14/2024,382,REP,Trump,45
2.8,North Carolina,10/10/2024,10/14/2024,1031,REP,Trump,47
2.8,North Carolina,10/10/2024,10/14/2024,1031,REP,Trump,47
2.1,North Carolina,10/12/2024,10/14/2024,600,REP,Trump,47.2
1.8,North Carolina,10/12/2024,10/14/2024,620,REP,Trump,48
1.8,Pennsylvania,10/12/2024,10/14/2024,1649,REP,Trump,48
2.8,Washington,10/9/2024,10/14/2024,703,REP,Trump,35
1.8,Wisconsin,10/12/2024,10/14/2024,641,REP,Trump,47
1.9,Washington,10/8/2024,10/12/2024,401,DEM,Harris,57
1.9,Washington,10/8/2024,10/12/2024,401,REP,Trump,32
1.8,Michigan,10/7/2024,10/11/2024,600,DEM,Harris,44.9
1.8,Michigan,10/7/2024,10/11/2024,600,REP,Trump,44
3,Arizona,10/7/2024,10/10/2024,808,DEM,Harris,46
3,Arizona,10/7/2024,10/10/2024,808,DEM,Harris,45
3,Arizona,10/7/2024,10/10/2024,808,DEM,Harris,45
3,Arizona,10/7/2024,10/10/2024,808,DEM,Harris,44
2.3,Georgia,10/7/2024,10/10/2024,731,DEM,Harris,47
2.4,Massachusetts,10/3/2024,10/10/2024,700,DEM,Harris,56
2.9,New Hampshire,10/2/2024,10/10/2024,600,DEM,Harris,50
3,Pennsylvania,10/7/2024,10/10/2024,857,DEM,Harris,50
3,Pennsylvania,10/7/2024,10/10/2024,857,DEM,Harris,49
3,Pennsylvania,10/7/2024,10/10/2024,857,DEM,Harris,50
3,Pennsylvania,10/7/2024,10/10/2024,857,DEM,Harris,49
3,Texas,10/2/2024,10/10/2024,1091,DEM,Harris,46
2.2,Texas,9/26/2024,10/10/2024,1329,DEM,Harris,46
3,Arizona,10/7/2024,10/10/2024,808,REP,Trump,51
3,Arizona,10/7/2024,10/10/2024,808,REP,Trump,50
3,Arizona,10/7/2024,10/10/2024,808,REP,Trump,51
3,Arizona,10/7/2024,10/10/2024,808,REP,Trump,49
2.3,Georgia,10/7/2024,10/10/2024,731,REP,Trump,50
2.4,Massachusetts,10/3/2024,10/10/2024,700,REP,Trump,30
2.9,New Hampshire,10/2/2024,10/10/2024,600,REP,Trump,41
3,Pennsylvania,10/7/2024,10/10/2024,857,REP,Trump,47
3,Pennsylvania,10/7/2024,10/10/2024,857,REP,Trump,45
3,Pennsylvania,10/7/2024,10/10/2024,857,REP,Trump,47
3,Pennsylvania,10/7/2024,10/10/2024,857,REP,Trump,45
3,Texas,10/2/2024,10/10/2024,1091,REP,Trump,51
2.2,Texas,9/26/2024,10/10/2024,1329,REP,Trump,51
1.9,Alaska,10/8/2024,10/9/2024,1254,DEM,Harris,43
1.9,Alaska,10/8/2024,10/9/2024,1254,DEM,Harris,46
1.8,Georgia,10/8/2024,10/9/2024,608,DEM,Harris,47
2,Michigan,10/8/2024,10/9/2024,800,DEM,Harris,46
2.9,Pennsylvania,10/2/2024,10/9/2024,800,DEM,Harris,46
1.8,Pennsylvania,10/8/2024,10/9/2024,707,DEM,Harris,46
1.8,Pennsylvania,10/7/2024,10/9/2024,1079,DEM,Harris,49.2
1.8,Pennsylvania,10/7/2024,10/9/2024,803,DEM,Harris,47.5
1.8,Pennsylvania,10/7/2024,10/9/2024,1079,DEM,Harris,48.5
1.8,Pennsylvania,10/7/2024,10/9/2024,803,DEM,Harris,48.3
2,Wisconsin,10/8/2024,10/9/2024,800,DEM,Harris,48
1.9,Alaska,10/8/2024,10/9/2024,1254,REP,Trump,50
1.9,Alaska,10/8/2024,10/9/2024,1254,REP,Trump,54
1.8,Georgia,10/8/2024,10/9/2024,608,REP,Trump,48
2,Michigan,10/8/2024,10/9/2024,800,REP,Trump,48
2.9,Pennsylvania,10/2/2024,10/9/2024,800,REP,Trump,45
1.8,Pennsylvania,10/8/2024,10/9/2024,707,REP,Trump,48
1.8,Pennsylvania,10/7/2024,10/9/2024,1079,REP,Trump,45.3
1.8,Pennsylvania,10/7/2024,10/9/2024,803,REP,Trump,48.9
1.8,Pennsylvania,10/7/2024,10/9/2024,1079,REP,Trump,44.9
1.8,Pennsylvania,10/7/2024,10/9/2024,803,REP,Trump,49
2,Wisconsin,10/8/2024,10/9/2024,800,REP,Trump,48
2.9,Arizona,10/5/2024,10/8/2024,1000,DEM,Harris,48.2
2.9,Georgia,10/5/2024,10/8/2024,1000,DEM,Harris,49.8
2.9,Michigan,10/5/2024,10/8/2024,950,DEM,Harris,49.7
1.7,Michigan,10/2/2024,10/8/2024,600,DEM,Harris,46
1.7,Michigan,10/2/2024,10/8/2024,600,DEM,Harris,48
3,Montana,10/5/2024,10/8/2024,656,DEM,Harris,39
3,Montana,10/5/2024,10/8/2024,656,DEM,Harris,38
3,Montana,10/5/2024,10/8/2024,656,DEM,Harris,40
3,Montana,10/5/2024,10/8/2024,656,DEM,Harris,39
2.9,Nevada,10/5/2024,10/8/2024,900,DEM,Harris,49.2
2.9,North Carolina,10/5/2024,10/8/2024,1000,DEM,Harris,49
2.9,Pennsylvania,10/5/2024,10/8/2024,1000,DEM,Harris,49
2,Pennsylvania,10/7/2024,10/8/2024,800,DEM,Harris,47
1.6,Pennsylvania,10/5/2024,10/8/2024,800,DEM,Harris,47
1.8,Tennessee,9/27/2024,10/8/2024,1200,DEM,Harris,35
1.8,Tennessee,9/27/2024,10/8/2024,971,DEM,Harris,35
2.9,Wisconsin,10/5/2024,10/8/2024,1000,DEM,Harris,49.2
2.9,Arizona,10/5/2024,10/8/2024,1000,REP,Trump,50.5
2.9,Georgia,10/5/2024,10/8/2024,1000,REP,Trump,49.7
2.9,Michigan,10/5/2024,10/8/2024,950,REP,Trump,49.6
1.7,Michigan,10/2/2024,10/8/2024,600,REP,Trump,46
1.7,Michigan,10/2/2024,10/8/2024,600,REP,Trump,49
3,Montana,10/5/2024,10/8/2024,656,REP,Trump,57
3,Montana,10/5/2024,10/8/2024,656,REP,Trump,56
3,Montana,10/5/2024,10/8/2024,656,REP,Trump,57
3,Montana,10/5/2024,10/8/2024,656,REP,Trump,56
2.9,Nevada,10/5/2024,10/8/2024,900,REP,Trump,48.1
2.9,North Carolina,10/5/2024,10/8/2024,1000,REP,Trump,49.9
2.9,Pennsylvania,10/5/2024,10/8/2024,1000,REP,Trump,49.7
2,Pennsylvania,10/7/2024,10/8/2024,800,REP,Trump,49
1.6,Pennsylvania,10/5/2024,10/8/2024,800,REP,Trump,47
1.8,Tennessee,9/27/2024,10/8/2024,1200,REP,Trump,54
1.8,Tennessee,9/27/2024,10/8/2024,971,REP,Trump,56
2.9,Wisconsin,10/5/2024,10/8/2024,1000,REP,Trump,49.9
2.9,Florida,10/3/2024,10/7/2024,1257,DEM,Harris,47
2.9,Florida,10/3/2024,10/7/2024,1410,DEM,Harris,47
2.8,Michigan,10/3/2024,10/7/2024,1007,DEM,Harris,47
2.8,Michigan,10/3/2024,10/7/2024,1007,DEM,Harris,47
2.4,Michigan,10/5/2024,10/7/2024,450,DEM,Harris,51
3,Ohio,10/3/2024,10/7/2024,1002,DEM,Harris,45
3,Ohio,10/3/2024,10/7/2024,1002,DEM,Harris,44
2.9,Ohio,10/3/2024,10/7/2024,1511,DEM,Harris,46
2.9,Ohio,10/3/2024,10/7/2024,1327,DEM,Harris,46
2.8,Pennsylvania,10/3/2024,10/7/2024,1412,DEM,Harris,49
2.8,Pennsylvania,10/3/2024,10/7/2024,1412,DEM,Harris,49
2.4,Pennsylvania,10/5/2024,10/7/2024,450,DEM,Harris,50
2.9,Texas,10/3/2024,10/7/2024,1365,DEM,Harris,46
2.9,Texas,10/3/2024,10/7/2024,1186,DEM,Harris,46
2.4,Utah,10/2/2024,10/7/2024,539,DEM,Harris,38
2.4,Utah,10/2/2024,10/7/2024,539,DEM,Harris,36
2.4,Utah,10/2/2024,10/7/2024,600,DEM,Harris,39
2.4,Utah,10/2/2024,10/7/2024,600,DEM,Harris,37
2.8,Wisconsin,10/3/2024,10/7/2024,1073,DEM,Harris,46
2.8,Wisconsin,10/3/2024,10/7/2024,1073,DEM,Harris,47
2.4,Wisconsin,10/5/2024,10/7/2024,450,DEM,Harris,50
2.9,Florida,10/3/2024,10/7/2024,1257,REP,Trump,51
2.9,Florida,10/3/2024,10/7/2024,1410,REP,Trump,51
2.8,Michigan,10/3/2024,10/7/2024,1007,REP,Trump,50
2.8,Michigan,10/3/2024,10/7/2024,1007,REP,Trump,51
2.4,Michigan,10/5/2024,10/7/2024,450,REP,Trump,48
3,Ohio,10/3/2024,10/7/2024,1002,REP,Trump,51
3,Ohio,10/3/2024,10/7/2024,1002,REP,Trump,51
2.9,Ohio,10/3/2024,10/7/2024,1511,REP,Trump,52
2.9,Ohio,10/3/2024,10/7/2024,1327,REP,Trump,52
2.8,Pennsylvania,10/3/2024,10/7/2024,1412,REP,Trump,46
2.8,Pennsylvania,10/3/2024,10/7/2024,1412,REP,Trump,47
2.4,Pennsylvania,10/5/2024,10/7/2024,450,REP,Trump,49
2.9,Texas,10/3/2024,10/7/2024,1365,REP,Trump,52
2.9,Texas,10/3/2024,10/7/2024,1186,REP,Trump,53
2.4,Utah,10/2/2024,10/7/2024,539,REP,Trump,54
2.4,Utah,10/2/2024,10/7/2024,539,REP,Trump,54
2.4,Utah,10/2/2024,10/7/2024,600,REP,Trump,52
2.4,Utah,10/2/2024,10/7/2024,600,REP,Trump,51
2.8,Wisconsin,10/3/2024,10/7/2024,1073,REP,Trump,48
2.8,Wisconsin,10/3/2024,10/7/2024,1073,REP,Trump,49
2.4,Wisconsin,10/5/2024,10/7/2024,450,REP,Trump,48
3,Florida,9/29/2024,10/6/2024,622,DEM,Harris,41
3,Florida,9/29/2024,10/6/2024,622,DEM,Harris,40
3,Florida,9/29/2024,10/6/2024,622,DEM,Harris,41
3,Florida,9/29/2024,10/6/2024,622,DEM,Harris,40
3,Florida,9/29/2024,10/6/2024,622,REP,Trump,55
3,Florida,9/29/2024,10/6/2024,622,REP,Trump,53
3,Florida,9/29/2024,10/6/2024,622,REP,Trump,54
3,Florida,9/29/2024,10/6/2024,622,REP,Trump,53
2.9,Massachusetts,10/1/2024,10/5/2024,500,DEM,Harris,61.2
2.9,Massachusetts,10/1/2024,10/5/2024,500,REP,Trump,32.2
2.6,Florida,10/1/2024,10/4/2024,625,DEM,Harris,43
1.5,Michigan,10/1/2024,10/4/2024,600,DEM,Harris,46.8
3,Texas,9/29/2024,10/4/2024,617,DEM,Harris,44
3,Texas,9/29/2024,10/4/2024,617,DEM,Harris,42
3,Texas,9/29/2024,10/4/2024,617,DEM,Harris,44
3,Texas,9/29/2024,10/4/2024,617,DEM,Harris,41
2.8,Virginia,9/28/2024,10/4/2024,800,DEM,Harris,52
2.6,Florida,10/1/2024,10/4/2024,625,REP,Trump,49
1.5,Michigan,10/1/2024,10/4/2024,600,REP,Trump,44.2
3,Texas,9/29/2024,10/4/2024,617,REP,Trump,50
3,Texas,9/29/2024,10/4/2024,617,REP,Trump,49
3,Texas,9/29/2024,10/4/2024,617,REP,Trump,50
3,Texas,9/29/2024,10/4/2024,617,REP,Trump,48
2.8,Virginia,9/28/2024,10/4/2024,800,REP,Trump,41
2.3,Nevada,9/30/2024,10/3/2024,782,DEM,Harris,49
2.3,Nevada,9/30/2024,10/3/2024,782,REP,Trump,49
2.3,Arizona,9/30/2024,10/2/2024,783,DEM,Harris,46
1.8,Arizona,9/27/2024,10/2/2024,555,DEM,Harris,47
1.8,Florida,9/27/2024,10/2/2024,2946,DEM,Harris,45
1.8,Georgia,9/27/2024,10/2/2024,3783,DEM,Harris,47
1.8,Michigan,9/27/2024,10/2/2024,839,DEM,Harris,48
1.8,Minnesota,9/27/2024,10/2/2024,551,DEM,Harris,51
1.8,Nevada,9/27/2024,10/2/2024,514,DEM,Harris,48
2.4,New Hampshire,10/1/2024,10/2/2024,2104,DEM,Harris,51
1.8,North Carolina,9/27/2024,10/2/2024,753,DEM,Harris,45
3,Pennsylvania,9/24/2024,10/2/2024,1000,DEM,Harris,46.8
1.8,Pennsylvania,9/27/2024,10/2/2024,5686,DEM,Harris,48
1.8,Wisconsin,9/27/2024,10/2/2024,533,DEM,Harris,47
2.3,Arizona,9/30/2024,10/2/2024,783,REP,Trump,50
1.8,Arizona,9/27/2024,10/2/2024,555,REP,Trump,48
1.8,Florida,9/27/2024,10/2/2024,2946,REP,Trump,49
1.8,Georgia,9/27/2024,10/2/2024,3783,REP,Trump,47
1.8,Michigan,9/27/2024,10/2/2024,839,REP,Trump,46
1.8,Minnesota,9/27/2024,10/2/2024,551,REP,Trump,43
1.8,Nevada,9/27/2024,10/2/2024,514,REP,Trump,47
2.4,New Hampshire,10/1/2024,10/2/2024,2104,REP,Trump,44
1.8,North Carolina,9/27/2024,10/2/2024,753,REP,Trump,47
3,Pennsylvania,9/24/2024,10/2/2024,1000,REP,Trump,44.7
1.8,Pennsylvania,9/27/2024,10/2/2024,5686,REP,Trump,47
1.8,Wisconsin,9/27/2024,10/2/2024,533,REP,Trump,46
1.7,Arizona,9/24/2024,10/1/2024,600,DEM,Harris,47
1.7,Arizona,9/24/2024,10/1/2024,600,DEM,Harris,48
2.5,California,9/25/2024,10/1/2024,3045,DEM,Harris,57
1.7,Arizona,9/24/2024,10/1/2024,600,REP,Trump,49
1.7,Arizona,9/24/2024,10/1/2024,600,REP,Trump,50
2.5,California,9/25/2024,10/1/2024,3045,REP,Trump,35
2,Arizona,9/29/2024,9/30/2024,800,DEM,Harris,47.7
2,Georgia,9/29/2024,9/30/2024,800,DEM,Harris,48.3
2.4,Michigan,9/30/2024,9/30/2024,709,DEM,Harris,48
2.4,Michigan,9/30/2024,9/30/2024,709,DEM,Harris,47
2,Nevada,9/29/2024,9/30/2024,800,DEM,Harris,48.4
2,North Carolina,9/29/2024,9/30/2024,800,DEM,Harris,49.3
1.7,North Dakota,9/28/2024,9/30/2024,500,DEM,Harris,32
2,Arizona,9/29/2024,9/30/2024,800,REP,Trump,49.1
2,Georgia,9/29/2024,9/30/2024,800,REP,Trump,48.1
2.4,Michigan,9/30/2024,9/30/2024,709,REP,Trump,49
2.4,Michigan,9/30/2024,9/30/2024,709,REP,Trump,47
2,Nevada,9/29/2024,9/30/2024,800,REP,Trump,49.3
2,North Carolina,9/29/2024,9/30/2024,800,REP,Trump,49.5
1.7,North Dakota,9/28/2024,9/30/2024,500,REP,Trump,59
1.9,Alaska,9/27/2024,9/29/2024,1182,DEM,Harris,43
1.8,Arizona,9/26/2024,9/29/2024,500,DEM,Harris,47.6
2.8,Georgia,9/25/2024,9/29/2024,942,DEM,Harris,44
2.8,Georgia,9/25/2024,9/29/2024,942,DEM,Harris,45
3,North Carolina,9/25/2024,9/29/2024,1001,DEM,Harris,48
3,North Carolina,9/25/2024,9/29/2024,1001,DEM,Harris,47
2.8,North Carolina,9/25/2024,9/29/2024,953,DEM,Harris,47
2.8,North Carolina,9/25/2024,9/29/2024,953,DEM,Harris,48
2.5,North Carolina,9/20/2024,9/29/2024,814,DEM,Harris,48
2.5,North Carolina,9/20/2024,9/29/2024,589,DEM,Harris,48
2.5,South Carolina,9/21/2024,9/29/2024,1068,DEM,Harris,42
1.9,Alaska,9/27/2024,9/29/2024,1182,REP,Trump,52
1.8,Arizona,9/26/2024,9/29/2024,500,REP,Trump,45.4
2.8,Georgia,9/25/2024,9/29/2024,942,REP,Trump,50
2.8,Georgia,9/25/2024,9/29/2024,942,REP,Trump,50
3,North Carolina,9/25/2024,9/29/2024,1001,REP,Trump,50
3,North Carolina,9/25/2024,9/29/2024,1001,REP,Trump,50
2.8,North Carolina,9/25/2024,9/29/2024,953,REP,Trump,49
2.8,North Carolina,9/25/2024,9/29/2024,953,REP,Trump,49
2.5,North Carolina,9/20/2024,9/29/2024,814,REP,Trump,46
2.5,North Carolina,9/20/2024,9/29/2024,589,REP,Trump,48
2.5,South Carolina,9/21/2024,9/29/2024,1068,REP,Trump,51.6
2.9,Arizona,9/27/2024,9/28/2024,920,DEM,Harris,47.6
2.9,North Carolina,9/27/2024,9/28/2024,850,DEM,Harris,49.1
2.9,Pennsylvania,9/27/2024,9/28/2024,1000,DEM,Harris,49.3
2.9,Arizona,9/27/2024,9/28/2024,920,REP,Trump,51.7
2.9,North Carolina,9/27/2024,9/28/2024,850,REP,Trump,49.9
2.9,Pennsylvania,9/27/2024,9/28/2024,1000,REP,Trump,48.8
2.3,Florida,9/25/2024,9/27/2024,774,DEM,Harris,48
2.3,Michigan,9/24/2024,9/27/2024,789,DEM,Harris,50
2.3,North Carolina,9/25/2024,9/27/2024,780,DEM,Harris,47
2.3,Texas,9/25/2024,9/27/2024,779,DEM,Harris,46
2.3,Florida,9/25/2024,9/27/2024,774,REP,Trump,50
2.3,Michigan,9/24/2024,9/27/2024,789,REP,Trump,47
2.3,North Carolina,9/25/2024,9/27/2024,780,REP,Trump,51
2.3,Texas,9/25/2024,9/27/2024,779,REP,Trump,53
3,Michigan,9/21/2024,9/26/2024,688,DEM,Harris,45
3,Michigan,9/21/2024,9/26/2024,688,DEM,Harris,43
3,Michigan,9/21/2024,9/26/2024,688,DEM,Harris,48
3,Michigan,9/21/2024,9/26/2024,688,DEM,Harris,46
2.8,Minnesota,9/23/2024,9/26/2024,646,DEM,Harris,50
3,Nebraska CD-2,9/24/2024,9/26/2024,680,DEM,Harris,51
3,Nebraska CD-2,9/24/2024,9/26/2024,680,DEM,Harris,49
3,Nebraska CD-2,9/24/2024,9/26/2024,680,DEM,Harris,52
3,Nebraska CD-2,9/24/2024,9/26/2024,680,DEM,Harris,51
2.6,North Carolina,9/23/2024,9/26/2024,1005,DEM,Harris,47.1
3,Ohio,9/21/2024,9/26/2024,687,DEM,Harris,45
3,Ohio,9/21/2024,9/26/2024,687,DEM,Harris,44
3,Ohio,9/21/2024,9/26/2024,687,DEM,Harris,44
3,Ohio,9/21/2024,9/26/2024,687,DEM,Harris,43
3,Wisconsin,9/21/2024,9/26/2024,680,DEM,Harris,49
3,Wisconsin,9/21/2024,9/26/2024,680,DEM,Harris,48
3,Wisconsin,9/21/2024,9/26/2024,680,DEM,Harris,49
3,Wisconsin,9/21/2024,9/26/2024,680,DEM,Harris,48
3,Wisconsin,9/18/2024,9/26/2024,882,DEM,Harris,52
3,Wisconsin,9/18/2024,9/26/2024,798,DEM,Harris,52
3,Wisconsin,9/18/2024,9/26/2024,882,DEM,Harris,48
3,Wisconsin,9/18/2024,9/26/2024,798,DEM,Harris,49
3,Michigan,9/21/2024,9/26/2024,688,REP,Trump,47
3,Michigan,9/21/2024,9/26/2024,688,REP,Trump,46
3,Michigan,9/21/2024,9/26/2024,688,REP,Trump,47
3,Michigan,9/21/2024,9/26/2024,688,REP,Trump,46
2.8,Minnesota,9/23/2024,9/26/2024,646,REP,Trump,44
3,Nebraska CD-2,9/24/2024,9/26/2024,680,REP,Trump,42
3,Nebraska CD-2,9/24/2024,9/26/2024,680,REP,Trump,41
3,Nebraska CD-2,9/24/2024,9/26/2024,680,REP,Trump,43
3,Nebraska CD-2,9/24/2024,9/26/2024,680,REP,Trump,42
2.6,North Carolina,9/23/2024,9/26/2024,1005,REP,Trump,49.4
3,Ohio,9/21/2024,9/26/2024,687,REP,Trump,49
3,Ohio,9/21/2024,9/26/2024,687,REP,Trump,47
3,Ohio,9/21/2024,9/26/2024,687,REP,Trump,50
3,Ohio,9/21/2024,9/26/2024,687,REP,Trump,49
3,Wisconsin,9/21/2024,9/26/2024,680,REP,Trump,47
3,Wisconsin,9/21/2024,9/26/2024,680,REP,Trump,45
3,Wisconsin,9/21/2024,9/26/2024,680,REP,Trump,47
3,Wisconsin,9/21/2024,9/26/2024,680,REP,Trump,46
3,Wisconsin,9/18/2024,9/26/2024,882,REP,Trump,48
3,Wisconsin,9/18/2024,9/26/2024,798,REP,Trump,48
3,Wisconsin,9/18/2024,9/26/2024,882,REP,Trump,44
3,Wisconsin,9/18/2024,9/26/2024,798,REP,Trump,44
2.7,Arizona,9/20/2024,9/25/2024,946,DEM,Harris,48.6
2.7,Arizona,9/20/2024,9/25/2024,946,DEM,Harris,48.6
1.9,Arizona,9/19/2024,9/25/2024,977,DEM,Harris,49
1.9,Arizona,9/19/2024,9/25/2024,977,DEM,Harris,50
1.9,Arizona,9/19/2024,9/25/2024,926,DEM,Harris,49
1.9,Arizona,9/19/2024,9/25/2024,926,DEM,Harris,50
2.7,Georgia,9/20/2024,9/25/2024,1200,DEM,Harris,49
2.7,Georgia,9/20/2024,9/25/2024,1200,DEM,Harris,49
1.9,Georgia,9/19/2024,9/25/2024,989,DEM,Harris,48
1.9,Georgia,9/19/2024,9/25/2024,989,DEM,Harris,48
1.9,Georgia,9/19/2024,9/25/2024,913,DEM,Harris,48
1.9,Georgia,9/19/2024,9/25/2024,913,DEM,Harris,49
2.7,Michigan,9/20/2024,9/25/2024,918,DEM,Harris,46.6
2.7,Michigan,9/20/2024,9/25/2024,918,DEM,Harris,47.2
1.9,Michigan,9/19/2024,9/25/2024,894,DEM,Harris,49
1.9,Michigan,9/19/2024,9/25/2024,894,DEM,Harris,49
1.9,Michigan,9/19/2024,9/25/2024,800,DEM,Harris,50
1.9,Michigan,9/19/2024,9/25/2024,800,DEM,Harris,50
2.8,Nebraska CD-2,9/20/2024,9/25/2024,749,DEM,Harris,53
2.7,Nevada,9/20/2024,9/25/2024,858,DEM,Harris,50.6
2.7,Nevada,9/20/2024,9/25/2024,858,DEM,Harris,50.5
1.9,Nevada,9/19/2024,9/25/2024,574,DEM,Harris,46
1.9,Nevada,9/19/2024,9/25/2024,574,DEM,Harris,49
1.9,Nevada,9/19/2024,9/25/2024,516,DEM,Harris,50
1.9,Nevada,9/19/2024,9/25/2024,516,DEM,Harris,52
1.8,Nevada,9/23/2024,9/25/2024,1044,DEM,Harris,48
1.8,Nevada,9/23/2024,9/25/2024,736,DEM,Harris,49.2
1.8,Nevada,9/23/2024,9/25/2024,1044,DEM,Harris,47.6
1.8,Nevada,9/23/2024,9/25/2024,736,DEM,Harris,49.7
2.9,New York,9/23/2024,9/25/2024,1000,DEM,Harris,55.5
2.8,North Carolina,9/20/2024,9/25/2024,931,DEM,Harris,48
2.7,North Carolina,9/20/2024,9/25/2024,1173,DEM,Harris,50.8
2.7,North Carolina,9/20/2024,9/25/2024,1173,DEM,Harris,50.5
1.9,North Carolina,9/19/2024,9/25/2024,889,DEM,Harris,48
1.9,North Carolina,9/19/2024,9/25/2024,889,DEM,Harris,50
1.9,North Carolina,9/19/2024,9/25/2024,828,DEM,Harris,49
1.9,North Carolina,9/19/2024,9/25/2024,828,DEM,Harris,50
2.7,Pennsylvania,9/20/2024,9/25/2024,1775,DEM,Harris,48
2.7,Pennsylvania,9/20/2024,9/25/2024,1775,DEM,Harris,48.1
1.9,Pennsylvania,9/19/2024,9/25/2024,993,DEM,Harris,50
1.9,Pennsylvania,9/19/2024,9/25/2024,993,DEM,Harris,49
1.9,Pennsylvania,9/19/2024,9/25/2024,924,DEM,Harris,51
1.9,Pennsylvania,9/19/2024,9/25/2024,924,DEM,Harris,51
2.1,Virginia,9/16/2024,9/25/2024,832,DEM,Harris,43
2.1,Virginia,9/16/2024,9/25/2024,762,DEM,Harris,47.4
2.7,Wisconsin,9/20/2024,9/25/2024,1077,DEM,Harris,48.2
2.7,Wisconsin,9/20/2024,9/25/2024,1077,DEM,Harris,48.2
1.9,Wisconsin,9/19/2024,9/25/2024,849,DEM,Harris,49
1.9,Wisconsin,9/19/2024,9/25/2024,849,DEM,Harris,50
1.9,Wisconsin,9/19/2024,9/25/2024,785,DEM,Harris,50
1.9,Wisconsin,9/19/2024,9/25/2024,785,DEM,Harris,51
2.7,Arizona,9/20/2024,9/25/2024,946,REP,Trump,49.7
2.7,Arizona,9/20/2024,9/25/2024,946,REP,Trump,49.8
1.9,Arizona,9/19/2024,9/25/2024,977,REP,Trump,46
1.9,Arizona,9/19/2024,9/25/2024,977,REP,Trump,47
1.9,Arizona,9/19/2024,9/25/2024,926,REP,Trump,46
1.9,Arizona,9/19/2024,9/25/2024,926,REP,Trump,47
2.7,Georgia,9/20/2024,9/25/2024,1200,REP,Trump,49.3
2.7,Georgia,9/20/2024,9/25/2024,1200,REP,Trump,49.6
1.9,Georgia,9/19/2024,9/25/2024,989,REP,Trump,47
1.9,Georgia,9/19/2024,9/25/2024,989,REP,Trump,47
1.9,Georgia,9/19/2024,9/25/2024,913,REP,Trump,48
1.9,Georgia,9/19/2024,9/25/2024,913,REP,Trump,49
2.7,Michigan,9/20/2024,9/25/2024,918,REP,Trump,50.4
2.7,Michigan,9/20/2024,9/25/2024,918,REP,Trump,50.6
1.9,Michigan,9/19/2024,9/25/2024,894,REP,Trump,45
1.9,Michigan,9/19/2024,9/25/2024,894,REP,Trump,47
1.9,Michigan,9/19/2024,9/25/2024,800,REP,Trump,46
1.9,Michigan,9/19/2024,9/25/2024,800,REP,Trump,47
2.8,Nebraska CD-2,9/20/2024,9/25/2024,749,REP,Trump,42
2.7,Nevada,9/20/2024,9/25/2024,858,REP,Trump,47.7
2.7,Nevada,9/20/2024,9/25/2024,858,REP,Trump,47.7
1.9,Nevada,9/19/2024,9/25/2024,574,REP,Trump,44
1.9,Nevada,9/19/2024,9/25/2024,574,REP,Trump,45
1.9,Nevada,9/19/2024,9/25/2024,516,REP,Trump,44
1.9,Nevada,9/19/2024,9/25/2024,516,REP,Trump,45
1.8,Nevada,9/23/2024,9/25/2024,1044,REP,Trump,43.9
1.8,Nevada,9/23/2024,9/25/2024,736,REP,Trump,47.9
1.8,Nevada,9/23/2024,9/25/2024,1044,REP,Trump,43.3
1.8,Nevada,9/23/2024,9/25/2024,736,REP,Trump,48.5
2.9,New York,9/23/2024,9/25/2024,1000,REP,Trump,41.6
2.8,North Carolina,9/20/2024,9/25/2024,931,REP,Trump,48
2.7,North Carolina,9/20/2024,9/25/2024,1173,REP,Trump,47.3
2.7,North Carolina,9/20/2024,9/25/2024,1173,REP,Trump,48.1
1.9,North Carolina,9/19/2024,9/25/2024,889,REP,Trump,46
1.9,North Carolina,9/19/2024,9/25/2024,889,REP,Trump,47
1.9,North Carolina,9/19/2024,9/25/2024,828,REP,Trump,47
1.9,North Carolina,9/19/2024,9/25/2024,828,REP,Trump,48
2.7,Pennsylvania,9/20/2024,9/25/2024,1775,REP,Trump,50.6
2.7,Pennsylvania,9/20/2024,9/25/2024,1775,REP,Trump,51
1.9,Pennsylvania,9/19/2024,9/25/2024,993,REP,Trump,44
1.9,Pennsylvania,9/19/2024,9/25/2024,993,REP,Trump,46
1.9,Pennsylvania,9/19/2024,9/25/2024,924,REP,Trump,45
1.9,Pennsylvania,9/19/2024,9/25/2024,924,REP,Trump,46
2.1,Virginia,9/16/2024,9/25/2024,832,REP,Trump,37
2.1,Virginia,9/16/2024,9/25/2024,762,REP,Trump,36.6
2.7,Wisconsin,9/20/2024,9/25/2024,1077,REP,Trump,49.6
2.7,Wisconsin,9/20/2024,9/25/2024,1077,REP,Trump,49.7
1.9,Wisconsin,9/19/2024,9/25/2024,849,REP,Trump,47
1.9,Wisconsin,9/19/2024,9/25/2024,849,REP,Trump,48
1.9,Wisconsin,9/19/2024,9/25/2024,785,REP,Trump,47
1.9,Wisconsin,9/19/2024,9/25/2024,785,REP,Trump,48
2.9,Arizona,9/19/2024,9/24/2024,1416,DEM,Harris,48
2.9,Arizona,9/19/2024,9/24/2024,1264,DEM,Harris,49
2.9,Arizona,9/19/2024,9/24/2024,500,DEM,Harris,42.4
2.8,Arizona,9/20/2024,9/24/2024,1021,DEM,Harris,47
2.8,Arizona,9/20/2024,9/24/2024,764,DEM,Harris,47
2.8,Arizona,9/20/2024,9/24/2024,1021,DEM,Harris,48
2.8,Arizona,9/20/2024,9/24/2024,764,DEM,Harris,48
3,Georgia,9/20/2024,9/24/2024,1441,DEM,Harris,49
2.9,Georgia,9/19/2024,9/24/2024,1420,DEM,Harris,49
2.9,Georgia,9/19/2024,9/24/2024,1220,DEM,Harris,49
2.8,Georgia,9/20/2024,9/24/2024,1006,DEM,Harris,49
2.8,Georgia,9/20/2024,9/24/2024,707,DEM,Harris,50
2.8,Georgia,9/20/2024,9/24/2024,1006,DEM,Harris,51
2.8,Georgia,9/20/2024,9/24/2024,707,DEM,Harris,51
2.9,North Carolina,9/19/2024,9/24/2024,1507,DEM,Harris,49
2.9,North Carolina,9/19/2024,9/24/2024,1348,DEM,Harris,49
2.8,North Carolina,9/20/2024,9/24/2024,787,DEM,Harris,47
2.8,North Carolina,9/20/2024,9/24/2024,991,DEM,Harris,48
2.8,North Carolina,9/20/2024,9/24/2024,787,DEM,Harris,49
2.8,North Carolina,9/20/2024,9/24/2024,991,DEM,Harris,50
2.8,Pennsylvania,9/20/2024,9/24/2024,775,DEM,Harris,47
2.8,Pennsylvania,9/20/2024,9/24/2024,1021,DEM,Harris,48
2.8,Pennsylvania,9/20/2024,9/24/2024,775,DEM,Harris,49
2.8,Pennsylvania,9/20/2024,9/24/2024,1021,DEM,Harris,50
1.7,Pennsylvania,9/17/2024,9/24/2024,600,DEM,Harris,49
1.7,Pennsylvania,9/17/2024,9/24/2024,600,DEM,Harris,50
2.9,Texas,9/22/2024,9/24/2024,950,DEM,Harris,46.7
2.9,Virginia,9/22/2024,9/24/2024,860,DEM,Harris,52.7
2.9,Arizona,9/19/2024,9/24/2024,1416,REP,Trump,50
2.9,Arizona,9/19/2024,9/24/2024,1264,REP,Trump,50
2.9,Arizona,9/19/2024,9/24/2024,500,REP,Trump,48.4
2.8,Arizona,9/20/2024,9/24/2024,1021,REP,Trump,49
2.8,Arizona,9/20/2024,9/24/2024,764,REP,Trump,50
2.8,Arizona,9/20/2024,9/24/2024,1021,REP,Trump,50
2.8,Arizona,9/20/2024,9/24/2024,764,REP,Trump,51
3,Georgia,9/20/2024,9/24/2024,1441,REP,Trump,51
2.9,Georgia,9/19/2024,9/24/2024,1420,REP,Trump,48
2.9,Georgia,9/19/2024,9/24/2024,1220,REP,Trump,50
2.8,Georgia,9/20/2024,9/24/2024,1006,REP,Trump,47
2.8,Georgia,9/20/2024,9/24/2024,707,REP,Trump,48
2.8,Georgia,9/20/2024,9/24/2024,1006,REP,Trump,48
2.8,Georgia,9/20/2024,9/24/2024,707,REP,Trump,48
2.9,North Carolina,9/19/2024,9/24/2024,1507,REP,Trump,48
2.9,North Carolina,9/19/2024,9/24/2024,1348,REP,Trump,49
2.8,North Carolina,9/20/2024,9/24/2024,787,REP,Trump,49
2.8,North Carolina,9/20/2024,9/24/2024,991,REP,Trump,47
2.8,North Carolina,9/20/2024,9/24/2024,787,REP,Trump,50
2.8,North Carolina,9/20/2024,9/24/2024,991,REP,Trump,48
2.8,Pennsylvania,9/20/2024,9/24/2024,775,REP,Trump,48
2.8,Pennsylvania,9/20/2024,9/24/2024,1021,REP,Trump,46
2.8,Pennsylvania,9/20/2024,9/24/2024,775,REP,Trump,49
2.8,Pennsylvania,9/20/2024,9/24/2024,1021,REP,Trump,48
1.7,Pennsylvania,9/17/2024,9/24/2024,600,REP,Trump,47
1.7,Pennsylvania,9/17/2024,9/24/2024,600,REP,Trump,47
2.9,Texas,9/22/2024,9/24/2024,950,REP,Trump,52.3
2.9,Virginia,9/22/2024,9/24/2024,860,REP,Trump,46.2
2.5,Maryland,9/19/2024,9/23/2024,1012,DEM,Harris,63
2.5,Maryland,9/19/2024,9/23/2024,1012,DEM,Harris,64
2.5,Maryland,9/19/2024,9/23/2024,1012,DEM,Harris,61
2.5,Maryland,9/19/2024,9/23/2024,1012,DEM,Harris,62
2.9,Pennsylvania,9/19/2024,9/23/2024,654,DEM,Harris,47
2.3,Wisconsin,9/17/2024,9/23/2024,788,DEM,Harris,50
2.5,Maryland,9/19/2024,9/23/2024,1012,REP,Trump,31
2.5,Maryland,9/19/2024,9/23/2024,1012,REP,Trump,32
2.5,Maryland,9/19/2024,9/23/2024,1012,REP,Trump,31
2.5,Maryland,9/19/2024,9/23/2024,1012,REP,Trump,32
2.9,Pennsylvania,9/19/2024,9/23/2024,654,REP,Trump,45
2.3,Wisconsin,9/17/2024,9/23/2024,788,REP,Trump,49
2.3,Pennsylvania,9/16/2024,9/22/2024,700,DEM,Harris,46
2.3,Pennsylvania,9/16/2024,9/22/2024,700,REP,Trump,46
3,Arizona,9/17/2024,9/21/2024,713,DEM,Harris,45
3,Arizona,9/17/2024,9/21/2024,713,DEM,Harris,45
3,Arizona,9/17/2024,9/21/2024,713,DEM,Harris,42
3,Arizona,9/17/2024,9/21/2024,713,DEM,Harris,43
3,Georgia,9/17/2024,9/21/2024,682,DEM,Harris,44
3,Georgia,9/17/2024,9/21/2024,682,DEM,Harris,45
3,Georgia,9/17/2024,9/21/2024,682,DEM,Harris,43
3,Georgia,9/17/2024,9/21/2024,682,DEM,Harris,44
3,North Carolina,9/17/2024,9/21/2024,682,DEM,Harris,47
3,North Carolina,9/17/2024,9/21/2024,682,DEM,Harris,47
3,North Carolina,9/17/2024,9/21/2024,682,DEM,Harris,46
3,North Carolina,9/17/2024,9/21/2024,682,DEM,Harris,45
3,Arizona,9/17/2024,9/21/2024,713,REP,Trump,49
3,Arizona,9/17/2024,9/21/2024,713,REP,Trump,50
3,Arizona,9/17/2024,9/21/2024,713,REP,Trump,47
3,Arizona,9/17/2024,9/21/2024,713,REP,Trump,48
3,Georgia,9/17/2024,9/21/2024,682,REP,Trump,48
3,Georgia,9/17/2024,9/21/2024,682,REP,Trump,49
3,Georgia,9/17/2024,9/21/2024,682,REP,Trump,46
3,Georgia,9/17/2024,9/21/2024,682,REP,Trump,47
3,North Carolina,9/17/2024,9/21/2024,682,REP,Trump,48
3,North Carolina,9/17/2024,9/21/2024,682,REP,Trump,49
3,North Carolina,9/17/2024,9/21/2024,682,REP,Trump,46
3,North Carolina,9/17/2024,9/21/2024,682,REP,Trump,47
1.6,North Carolina,9/18/2024,9/20/2024,802,DEM,Harris,48
2.3,Ohio,9/18/2024,9/20/2024,781,DEM,Harris,43
2.3,Pennsylvania,9/18/2024,9/20/2024,783,DEM,Harris,49
1.6,North Carolina,9/18/2024,9/20/2024,802,REP,Trump,48
2.3,Ohio,9/18/2024,9/20/2024,781,REP,Trump,54
2.3,Pennsylvania,9/18/2024,9/20/2024,783,REP,Trump,49
1.8,Arizona,9/16/2024,9/19/2024,789,DEM,Harris,47
1.8,Florida,9/16/2024,9/19/2024,1602,DEM,Harris,45
1.8,Georgia,9/16/2024,9/19/2024,1043,DEM,Harris,46
2.9,Michigan,9/11/2024,9/19/2024,650,DEM,Harris,48
1.8,Michigan,9/16/2024,9/19/2024,993,DEM,Harris,46
1.8,Minnesota,9/16/2024,9/19/2024,703,DEM,Harris,50
2.3,Montana,9/12/2024,9/19/2024,491,DEM,Harris,38
1.8,Nevada,9/16/2024,9/19/2024,652,DEM,Harris,45
1.6,Nevada,9/16/2024,9/19/2024,600,DEM,Harris,47
1.8,North Carolina,9/16/2024,9/19/2024,868,DEM,Harris,47
2.9,Pennsylvania,9/11/2024,9/19/2024,800,DEM,Harris,48
2.8,Pennsylvania,9/16/2024,9/19/2024,450,DEM,Harris,48
1.8,Pennsylvania,9/16/2024,9/19/2024,1086,DEM,Harris,47
1.8,Wisconsin,9/16/2024,9/19/2024,600,DEM,Harris,47
1.8,Arizona,9/16/2024,9/19/2024,789,REP,Trump,47
1.8,Florida,9/16/2024,9/19/2024,1602,REP,Trump,50
1.8,Georgia,9/16/2024,9/19/2024,1043,REP,Trump,48
2.9,Michigan,9/11/2024,9/19/2024,650,REP,Trump,43
1.8,Michigan,9/16/2024,9/19/2024,993,REP,Trump,45
1.8,Minnesota,9/16/2024,9/19/2024,703,REP,Trump,44
2.3,Montana,9/12/2024,9/19/2024,491,REP,Trump,59
1.8,Nevada,9/16/2024,9/19/2024,652,REP,Trump,45
1.6,Nevada,9/16/2024,9/19/2024,600,REP,Trump,44
1.8,North Carolina,9/16/2024,9/19/2024,868,REP,Trump,48
2.9,Pennsylvania,9/11/2024,9/19/2024,800,REP,Trump,46
2.8,Pennsylvania,9/16/2024,9/19/2024,450,REP,Trump,48
1.8,Pennsylvania,9/16/2024,9/19/2024,1086,REP,Trump,47
1.8,Wisconsin,9/16/2024,9/19/2024,600,REP,Trump,47
2.9,Arizona,9/15/2024,9/18/2024,868,DEM,Harris,48.7
1.9,Arizona,9/9/2024,9/18/2024,862,DEM,Harris,48.37
1.9,Colorado,9/9/2024,9/18/2024,512,DEM,Harris,52.5
2.8,Connecticut,9/12/2024,9/18/2024,800,DEM,Harris,53
1.9,Florida,9/9/2024,9/18/2024,2948,DEM,Harris,46.8
2.9,Georgia,9/15/2024,9/18/2024,975,DEM,Harris,48.2
1.9,Georgia,9/9/2024,9/18/2024,1347,DEM,Harris,47.68
1.8,Georgia,9/16/2024,9/18/2024,1046,DEM,Harris,47.5
1.8,Georgia,9/16/2024,9/18/2024,835,DEM,Harris,47.6
1.8,Georgia,9/16/2024,9/18/2024,1046,DEM,Harris,46.4
1.8,Georgia,9/16/2024,9/18/2024,835,DEM,Harris,47.8
1.9,Maryland,9/9/2024,9/18/2024,578,DEM,Harris,61.41
2.8,Massachusetts,9/12/2024,9/18/2024,800,DEM,Harris,60
2.8,Massachusetts,9/12/2024,9/18/2024,800,DEM,Harris,63
2.9,Michigan,9/16/2024,9/18/2024,500,DEM,Harris,47.6
2.9,Michigan,9/15/2024,9/18/2024,875,DEM,Harris,50
1.9,Michigan,9/9/2024,9/18/2024,1297,DEM,Harris,51.97
2.6,Minnesota,9/16/2024,9/18/2024,800,DEM,Harris,48
1.9,Minnesota,9/9/2024,9/18/2024,517,DEM,Harris,49.56
2.9,Nevada,9/15/2024,9/18/2024,895,DEM,Harris,48.8
1.9,Nevada,9/9/2024,9/18/2024,474,DEM,Harris,50.87
2.8,New Mexico,9/12/2024,9/18/2024,619,DEM,Harris,50
2.9,North Carolina,9/15/2024,9/18/2024,1000,DEM,Harris,49.7
1.9,North Carolina,9/9/2024,9/18/2024,1314,DEM,Harris,49.33
1.9,Ohio,9/9/2024,9/18/2024,1488,DEM,Harris,43.02
2.9,Pennsylvania,9/15/2024,9/18/2024,880,DEM,Harris,49.6
2.8,Pennsylvania,9/12/2024,9/18/2024,800,DEM,Harris,50
2.8,Pennsylvania,9/12/2024,9/18/2024,800,DEM,Harris,52
1.9,Pennsylvania,9/9/2024,9/18/2024,1756,DEM,Harris,48.74
2.8,Rhode Island,9/12/2024,9/18/2024,800,DEM,Harris,53
2.8,Rhode Island,9/12/2024,9/18/2024,800,DEM,Harris,56
1.9,Texas,9/9/2024,9/18/2024,2716,DEM,Harris,45.77
1.9,Virginia,9/9/2024,9/18/2024,899,DEM,Harris,50.76
2.9,Wisconsin,9/15/2024,9/18/2024,1000,DEM,Harris,48.7
2.8,Wisconsin,9/12/2024,9/18/2024,800,DEM,Harris,51
2.8,Wisconsin,9/12/2024,9/18/2024,800,DEM,Harris,53
1.9,Wisconsin,9/9/2024,9/18/2024,600,DEM,Harris,50.22
2.9,Arizona,9/15/2024,9/18/2024,868,REP,Trump,49.8
1.9,Arizona,9/9/2024,9/18/2024,862,REP,Trump,47.35
1.9,Colorado,9/9/2024,9/18/2024,512,REP,Trump,42.42
2.8,Connecticut,9/12/2024,9/18/2024,800,REP,Trump,37
1.9,Florida,9/9/2024,9/18/2024,2948,REP,Trump,49.52
2.9,Georgia,9/15/2024,9/18/2024,975,REP,Trump,50.3
1.9,Georgia,9/9/2024,9/18/2024,1347,REP,Trump,48.63
1.8,Georgia,9/16/2024,9/18/2024,1046,REP,Trump,45.4
1.8,Georgia,9/16/2024,9/18/2024,835,REP,Trump,47.9
1.8,Georgia,9/16/2024,9/18/2024,1046,REP,Trump,44.4
1.8,Georgia,9/16/2024,9/18/2024,835,REP,Trump,48
1.9,Maryland,9/9/2024,9/18/2024,578,REP,Trump,33.04
2.8,Massachusetts,9/12/2024,9/18/2024,800,REP,Trump,32
2.8,Massachusetts,9/12/2024,9/18/2024,800,REP,Trump,35
2.9,Michigan,9/16/2024,9/18/2024,500,REP,Trump,45.4
2.9,Michigan,9/15/2024,9/18/2024,875,REP,Trump,49.1
1.9,Michigan,9/9/2024,9/18/2024,1297,REP,Trump,44.46
2.6,Minnesota,9/16/2024,9/18/2024,800,REP,Trump,43
1.9,Minnesota,9/9/2024,9/18/2024,517,REP,Trump,43
2.9,Nevada,9/15/2024,9/18/2024,895,REP,Trump,49
1.9,Nevada,9/9/2024,9/18/2024,474,REP,Trump,46.53
2.8,New Mexico,9/12/2024,9/18/2024,619,REP,Trump,42
2.9,North Carolina,9/15/2024,9/18/2024,1000,REP,Trump,49.3
1.9,North Carolina,9/9/2024,9/18/2024,1314,REP,Trump,47.16
1.9,Ohio,9/9/2024,9/18/2024,1488,REP,Trump,52.16
2.9,Pennsylvania,9/15/2024,9/18/2024,880,REP,Trump,49.3
2.8,Pennsylvania,9/12/2024,9/18/2024,800,REP,Trump,46
2.8,Pennsylvania,9/12/2024,9/18/2024,800,REP,Trump,47
1.9,Pennsylvania,9/9/2024,9/18/2024,1756,REP,Trump,46.7
2.8,Rhode Island,9/12/2024,9/18/2024,800,REP,Trump,40
2.8,Rhode Island,9/12/2024,9/18/2024,800,REP,Trump,43
1.9,Texas,9/9/2024,9/18/2024,2716,REP,Trump,49.58
1.9,Virginia,9/9/2024,9/18/2024,899,REP,Trump,44.44
2.9,Wisconsin,9/15/2024,9/18/2024,1000,REP,Trump,50.3
2.8,Wisconsin,9/12/2024,9/18/2024,800,REP,Trump,45
2.8,Wisconsin,9/12/2024,9/18/2024,800,REP,Trump,46
1.9,Wisconsin,9/9/2024,9/18/2024,600,REP,Trump,44.3
2.9,Michigan,9/12/2024,9/17/2024,1282,DEM,Harris,50
2.9,Michigan,9/12/2024,9/17/2024,1138,DEM,Harris,52
1.7,North Carolina,9/11/2024,9/17/2024,600,DEM,Harris,46
1.7,North Carolina,9/11/2024,9/17/2024,600,DEM,Harris,47
2.9,Pennsylvania,9/12/2024,9/17/2024,1663,DEM,Harris,49
2.9,Pennsylvania,9/12/2024,9/17/2024,1476,DEM,Harris,49
2.9,Wisconsin,9/12/2024,9/17/2024,1312,DEM,Harris,50
2.9,Wisconsin,9/12/2024,9/17/2024,1194,DEM,Harris,50
2.9,Michigan,9/12/2024,9/17/2024,1282,REP,Trump,47
2.9,Michigan,9/12/2024,9/17/2024,1138,REP,Trump,47
1.7,North Carolina,9/11/2024,9/17/2024,600,REP,Trump,48
1.7,North Carolina,9/11/2024,9/17/2024,600,REP,Trump,50
2.9,Pennsylvania,9/12/2024,9/17/2024,1663,REP,Trump,48
2.9,Pennsylvania,9/12/2024,9/17/2024,1476,REP,Trump,49
2.9,Wisconsin,9/12/2024,9/17/2024,1312,REP,Trump,47
2.9,Wisconsin,9/12/2024,9/17/2024,1194,REP,Trump,49
2.6,Massachusetts,9/12/2024,9/16/2024,564,DEM,Harris,62
2.8,Michigan,9/12/2024,9/16/2024,905,DEM,Harris,50
2.8,Michigan,9/12/2024,9/16/2024,905,DEM,Harris,51
2.4,Nevada,9/9/2024,9/16/2024,692,DEM,Harris,48
2.4,Nevada,9/9/2024,9/16/2024,812,DEM,Harris,48
2.4,Nevada,9/9/2024,9/16/2024,692,DEM,Harris,47
2.4,Nevada,9/9/2024,9/16/2024,812,DEM,Harris,46
2.6,New Hampshire,9/12/2024,9/16/2024,1695,DEM,Harris,54
2.7,New York,9/11/2024,9/16/2024,1003,DEM,Harris,52
2.7,New York,9/11/2024,9/16/2024,1003,DEM,Harris,55
2.1,North Carolina,9/15/2024,9/16/2024,600,DEM,Harris,45.3
3,Pennsylvania,9/12/2024,9/16/2024,1003,DEM,Harris,48
3,Pennsylvania,9/12/2024,9/16/2024,1003,DEM,Harris,48
3,Pennsylvania,9/11/2024,9/16/2024,1082,DEM,Harris,50
3,Pennsylvania,9/11/2024,9/16/2024,1082,DEM,Harris,50
3,Pennsylvania,9/11/2024,9/16/2024,1082,DEM,Harris,48
3,Pennsylvania,9/11/2024,9/16/2024,1082,DEM,Harris,49
2.8,Pennsylvania,9/12/2024,9/16/2024,1331,DEM,Harris,51
2.8,Pennsylvania,9/12/2024,9/16/2024,1331,DEM,Harris,51
2.6,Rhode Island,9/12/2024,9/16/2024,683,DEM,Harris,58
2.8,Wisconsin,9/12/2024,9/16/2024,1075,DEM,Harris,48
2.8,Wisconsin,9/12/2024,9/16/2024,1075,DEM,Harris,49
2.6,Massachusetts,9/12/2024,9/16/2024,564,REP,Trump,31
2.8,Michigan,9/12/2024,9/16/2024,905,REP,Trump,45
2.8,Michigan,9/12/2024,9/16/2024,905,REP,Trump,46
2.4,Nevada,9/9/2024,9/16/2024,692,REP,Trump,47
2.4,Nevada,9/9/2024,9/16/2024,812,REP,Trump,45
2.4,Nevada,9/9/2024,9/16/2024,692,REP,Trump,47
2.4,Nevada,9/9/2024,9/16/2024,812,REP,Trump,43
2.6,New Hampshire,9/12/2024,9/16/2024,1695,REP,Trump,43
2.7,New York,9/11/2024,9/16/2024,1003,REP,Trump,40
2.7,New York,9/11/2024,9/16/2024,1003,REP,Trump,42
2.1,North Carolina,9/15/2024,9/16/2024,600,REP,Trump,45.6
3,Pennsylvania,9/12/2024,9/16/2024,1003,REP,Trump,47
3,Pennsylvania,9/12/2024,9/16/2024,1003,REP,Trump,48
3,Pennsylvania,9/11/2024,9/16/2024,1082,REP,Trump,46
3,Pennsylvania,9/11/2024,9/16/2024,1082,REP,Trump,46
3,Pennsylvania,9/11/2024,9/16/2024,1082,REP,Trump,45
3,Pennsylvania,9/11/2024,9/16/2024,1082,REP,Trump,45
2.8,Pennsylvania,9/12/2024,9/16/2024,1331,REP,Trump,45
2.8,Pennsylvania,9/12/2024,9/16/2024,1331,REP,Trump,46
2.6,Rhode Island,9/12/2024,9/16/2024,683,REP,Trump,38
2.8,Wisconsin,9/12/2024,9/16/2024,1075,REP,Trump,47
2.8,Wisconsin,9/12/2024,9/16/2024,1075,REP,Trump,48
2.2,Georgia,9/9/2024,9/15/2024,1000,DEM,Harris,44.4
2.1,Maine,9/5/2024,9/15/2024,812,DEM,Harris,50
2.1,Maine CD-1,9/5/2024,9/15/2024,414,DEM,Harris,58
2.1,Maine CD-2,9/5/2024,9/15/2024,398,DEM,Harris,42
2.4,Pennsylvania,9/4/2024,9/15/2024,890,DEM,Harris,49
2,Pennsylvania,9/14/2024,9/15/2024,800,DEM,Harris,48.4
2.2,Georgia,9/9/2024,9/15/2024,1000,REP,Trump,46.9
2.1,Maine,9/5/2024,9/15/2024,812,REP,Trump,41
2.1,Maine CD-1,9/5/2024,9/15/2024,414,REP,Trump,32
2.1,Maine CD-2,9/5/2024,9/15/2024,398,REP,Trump,49
2.4,Pennsylvania,9/4/2024,9/15/2024,890,REP,Trump,46
2,Pennsylvania,9/14/2024,9/15/2024,800,REP,Trump,49.8
1.5,Colorado,9/11/2024,9/14/2024,500,DEM,Harris,53
2.9,Pennsylvania,9/11/2024,9/14/2024,500,DEM,Harris,48.6
1.7,Wisconsin,9/11/2024,9/14/2024,600,DEM,Harris,48
1.7,Wisconsin,9/11/2024,9/14/2024,600,DEM,Harris,49
1.5,Colorado,9/11/2024,9/14/2024,500,REP,Trump,42
2.9,Pennsylvania,9/11/2024,9/14/2024,500,REP,Trump,45.6
1.7,Wisconsin,9/11/2024,9/14/2024,600,REP,Trump,45
1.7,Wisconsin,9/11/2024,9/14/2024,600,REP,Trump,48
2.9,Indiana,9/12/2024,9/13/2024,1000,DEM,Harris,40.7
2.9,Maryland,9/12/2024,9/13/2024,890,DEM,Harris,65.3
2.9,Missouri,9/12/2024,9/13/2024,850,DEM,Harris,43.4
2.1,New Mexico,9/6/2024,9/13/2024,532,DEM,Harris,49
2.5,North Carolina,9/4/2024,9/13/2024,800,DEM,Harris,46
1.8,North Carolina,9/11/2024,9/13/2024,973,DEM,Harris,45.9
2.9,Indiana,9/12/2024,9/13/2024,1000,REP,Trump,57.9
2.9,Maryland,9/12/2024,9/13/2024,890,REP,Trump,33.3
2.9,Missouri,9/12/2024,9/13/2024,850,REP,Trump,55.2
2.1,New Mexico,9/6/2024,9/13/2024,532,REP,Trump,39
2.5,North Carolina,9/4/2024,9/13/2024,800,REP,Trump,45
1.8,North Carolina,9/11/2024,9/13/2024,973,REP,Trump,48.9
1.9,Alaska,9/11/2024,9/12/2024,1254,DEM,Harris,42
2,Michigan,9/11/2024,9/12/2024,800,DEM,Harris,48
2.4,New Hampshire,9/11/2024,9/12/2024,2241,DEM,Harris,51
2.4,New Hampshire,9/11/2024,9/12/2024,2241,DEM,Harris,51
2,Wisconsin,9/11/2024,9/12/2024,800,DEM,Harris,49
1.9,Alaska,9/11/2024,9/12/2024,1254,REP,Trump,47
2,Michigan,9/11/2024,9/12/2024,800,REP,Trump,48.6
2.4,New Hampshire,9/11/2024,9/12/2024,2241,REP,Trump,43
2.4,New Hampshire,9/11/2024,9/12/2024,2241,REP,Trump,43
2,Wisconsin,9/11/2024,9/12/2024,800,REP,Trump,46.6
2.8,Iowa,9/8/2024,9/11/2024,656,DEM,Harris,43
2.4,Michigan,9/11/2024,9/11/2024,580,DEM,Harris,48
2.4,Michigan,9/11/2024,9/11/2024,580,DEM,Harris,47
2.8,Iowa,9/8/2024,9/11/2024,656,REP,Trump,47
2.4,Michigan,9/11/2024,9/11/2024,580,REP,Trump,48
2.4,Michigan,9/11/2024,9/11/2024,580,REP,Trump,46
2.9,Arizona,9/7/2024,9/9/2024,550,DEM,Harris,46
1.8,Arizona,9/6/2024,9/9/2024,765,DEM,Harris,46
2.5,California,8/29/2024,9/9/2024,1071,DEM,Harris,60
1.8,Florida,9/6/2024,9/9/2024,1465,DEM,Harris,44
1.8,Georgia,9/6/2024,9/9/2024,562,DEM,Harris,47
1.8,Michigan,9/6/2024,9/9/2024,556,DEM,Harris,48
1.8,Minnesota,9/6/2024,9/9/2024,617,DEM,Harris,51
1.8,Nevada,9/6/2024,9/9/2024,698,DEM,Harris,45
1.8,New Mexico,9/6/2024,9/9/2024,521,DEM,Harris,49
1.8,North Carolina,9/6/2024,9/9/2024,495,DEM,Harris,45
1.8,Pennsylvania,9/6/2024,9/9/2024,801,DEM,Harris,45
1.8,Wisconsin,9/6/2024,9/9/2024,626,DEM,Harris,49
2.9,Arizona,9/7/2024,9/9/2024,550,REP,Trump,46.2
1.8,Arizona,9/6/2024,9/9/2024,765,REP,Trump,47
2.5,California,8/29/2024,9/9/2024,1071,REP,Trump,29
1.8,Florida,9/6/2024,9/9/2024,1465,REP,Trump,50
1.8,Georgia,9/6/2024,9/9/2024,562,REP,Trump,49
1.8,Michigan,9/6/2024,9/9/2024,556,REP,Trump,45
1.8,Minnesota,9/6/2024,9/9/2024,617,REP,Trump,44
1.8,Nevada,9/6/2024,9/9/2024,698,REP,Trump,46
1.8,New Mexico,9/6/2024,9/9/2024,521,REP,Trump,44
1.8,North Carolina,9/6/2024,9/9/2024,495,REP,Trump,44
1.8,Pennsylvania,9/6/2024,9/9/2024,801,REP,Trump,45
1.8,Wisconsin,9/6/2024,9/9/2024,626,REP,Trump,46
1.9,Arizona,8/30/2024,9/8/2024,901,DEM,Harris,46.89
1.9,Colorado,8/30/2024,9/8/2024,498,DEM,Harris,54.8
1.9,Florida,8/30/2024,9/8/2024,3182,DEM,Harris,47.05
2.8,Georgia,9/4/2024,9/8/2024,969,DEM,Harris,45
2.8,Georgia,9/4/2024,9/8/2024,969,DEM,Harris,46
1.9,Georgia,8/30/2024,9/8/2024,1405,DEM,Harris,48.39
1.9,Maryland,8/30/2024,9/8/2024,640,DEM,Harris,62.23
1.9,Michigan,8/30/2024,9/8/2024,1368,DEM,Harris,49.19
1.9,Minnesota,8/30/2024,9/8/2024,501,DEM,Harris,50.92
1.9,Nevada,8/30/2024,9/8/2024,516,DEM,Harris,47.58
2.8,North Carolina,9/4/2024,9/8/2024,940,DEM,Harris,49
2.8,North Carolina,9/4/2024,9/8/2024,940,DEM,Harris,50
1.9,North Carolina,8/30/2024,9/8/2024,1369,DEM,Harris,48.22
1.9,Ohio,8/30/2024,9/8/2024,1558,DEM,Harris,43.58
1.9,Pennsylvania,8/30/2024,9/8/2024,1910,DEM,Harris,49.34
1.9,Texas,8/30/2024,9/8/2024,2940,DEM,Harris,43.43
2.7,Virginia,9/4/2024,9/8/2024,1005,DEM,Harris,50
2.7,Virginia,9/4/2024,9/8/2024,1005,DEM,Harris,51
2.7,Virginia,9/4/2024,9/8/2024,1005,DEM,Harris,49
2.7,Virginia,9/4/2024,9/8/2024,1005,DEM,Harris,51
1.9,Virginia,8/30/2024,9/8/2024,873,DEM,Harris,51.97
1.9,Wisconsin,8/30/2024,9/8/2024,638,DEM,Harris,49.48
1.9,Arizona,8/30/2024,9/8/2024,901,REP,Trump,49.05
1.9,Colorado,8/30/2024,9/8/2024,498,REP,Trump,40.08
1.9,Florida,8/30/2024,9/8/2024,3182,REP,Trump,49.12
2.8,Georgia,9/4/2024,9/8/2024,969,REP,Trump,49
2.8,Georgia,9/4/2024,9/8/2024,969,REP,Trump,49
1.9,Georgia,8/30/2024,9/8/2024,1405,REP,Trump,47.51
1.9,Maryland,8/30/2024,9/8/2024,640,REP,Trump,34.13
1.9,Michigan,8/30/2024,9/8/2024,1368,REP,Trump,46.12
1.9,Minnesota,8/30/2024,9/8/2024,501,REP,Trump,44.28
1.9,Nevada,8/30/2024,9/8/2024,516,REP,Trump,48.45
2.8,North Carolina,9/4/2024,9/8/2024,940,REP,Trump,46
2.8,North Carolina,9/4/2024,9/8/2024,940,REP,Trump,47
1.9,North Carolina,8/30/2024,9/8/2024,1369,REP,Trump,47.82
1.9,Ohio,8/30/2024,9/8/2024,1558,REP,Trump,51.92
1.9,Pennsylvania,8/30/2024,9/8/2024,1910,REP,Trump,46.34
1.9,Texas,8/30/2024,9/8/2024,2940,REP,Trump,51.75
2.7,Virginia,9/4/2024,9/8/2024,1005,REP,Trump,42
2.7,Virginia,9/4/2024,9/8/2024,1005,REP,Trump,43
2.7,Virginia,9/4/2024,9/8/2024,1005,REP,Trump,42
2.7,Virginia,9/4/2024,9/8/2024,1005,REP,Trump,43
1.9,Virginia,8/30/2024,9/8/2024,873,REP,Trump,42.24
1.9,Wisconsin,8/30/2024,9/8/2024,638,REP,Trump,46.19
2.8,North Carolina,9/4/2024,9/7/2024,676,DEM,Harris,49
2.8,North Carolina,9/4/2024,9/7/2024,676,REP,Trump,46
3,Michigan,9/3/2024,9/6/2024,1077,DEM,Harris,50
3,Pennsylvania,9/3/2024,9/6/2024,1078,DEM,Harris,50
2.1,Virginia,8/26/2024,9/6/2024,813,DEM,Harris,46
2.1,Virginia,8/26/2024,9/6/2024,749,DEM,Harris,49.4
1.9,Washington,9/3/2024,9/6/2024,403,DEM,Harris,53
3,Wisconsin,9/3/2024,9/6/2024,946,DEM,Harris,51
3,Michigan,9/3/2024,9/6/2024,1077,REP,Trump,49
3,Pennsylvania,9/3/2024,9/6/2024,1078,REP,Trump,50
2.1,Virginia,8/26/2024,9/6/2024,813,REP,Trump,36
2.1,Virginia,8/26/2024,9/6/2024,749,REP,Trump,35.7
1.9,Washington,9/3/2024,9/6/2024,403,REP,Trump,32
3,Wisconsin,9/3/2024,9/6/2024,946,REP,Trump,49
1.8,Arizona,9/3/2024,9/5/2024,1015,DEM,Harris,46
1.8,Arizona,9/3/2024,9/5/2024,949,DEM,Harris,46.8
1.8,Arizona,9/3/2024,9/5/2024,1015,DEM,Harris,45.8
1.8,Arizona,9/3/2024,9/5/2024,949,DEM,Harris,48
2.9,California,9/3/2024,9/5/2024,815,DEM,Harris,60.8
2.9,Florida,9/3/2024,9/5/2024,815,DEM,Harris,47.6
2.9,Ohio,9/3/2024,9/5/2024,945,DEM,Harris,44.7
2.9,Texas,9/3/2024,9/5/2024,845,DEM,Harris,48
3,Wisconsin,8/28/2024,9/5/2024,822,DEM,Harris,52
3,Wisconsin,8/28/2024,9/5/2024,738,DEM,Harris,52
3,Wisconsin,8/28/2024,9/5/2024,822,DEM,Harris,47
3,Wisconsin,8/28/2024,9/5/2024,738,DEM,Harris,48
1.8,Arizona,9/3/2024,9/5/2024,1015,REP,Trump,45.9
1.8,Arizona,9/3/2024,9/5/2024,949,REP,Trump,46.7
1.8,Arizona,9/3/2024,9/5/2024,1015,REP,Trump,45.8
1.8,Arizona,9/3/2024,9/5/2024,949,REP,Trump,47.8
2.9,California,9/3/2024,9/5/2024,815,REP,Trump,38
2.9,Florida,9/3/2024,9/5/2024,815,REP,Trump,51.1
2.9,Ohio,9/3/2024,9/5/2024,945,REP,Trump,54.3
2.9,Texas,9/3/2024,9/5/2024,845,REP,Trump,50.9
3,Wisconsin,8/28/2024,9/5/2024,822,REP,Trump,48
3,Wisconsin,8/28/2024,9/5/2024,738,REP,Trump,48
3,Wisconsin,8/28/2024,9/5/2024,822,REP,Trump,43
3,Wisconsin,8/28/2024,9/5/2024,738,REP,Trump,43
2.1,Michigan,8/28/2024,9/1/2024,600,DEM,Harris,47
2.1,Michigan,8/28/2024,9/1/2024,600,REP,Trump,46
